signal_date,exec_date,action,symbol,units_after,price,drop_from_anchor_pct,from_symbol,to_symbol,units_before,reason
2010-06-29,2010-06-30,BUY_EXTRA_1,TQQQ,2.0,0.1833,-11.95,,,,
2010-06-30,2010-07-01,RESET_ON_ROTATION,,,0.1815,,TQQQ,TQQQ,2.0,
2010-07-16,2010-07-19,BUY_EXTRA_1,TQQQ,2.0,0.2081,-8.05,,,,
2010-08-02,2010-08-03,SELL_EXTRAS,TQQQ,1.0,0.2328,,,,2.0,extra shares max holding days 10
2010-08-11,2010-08-12,BUY_EXTRA_1,TQQQ,2.0,0.2105,-10.18,,,,
2010-08-23,2010-08-24,BUY_EXTRA_2,TQQQ,3.0,0.1912,-15.89,,,,
2010-08-26,2010-08-27,SELL_EXTRAS,TQQQ,1.0,0.1968,,,,3.0,extra shares max holding days 10
2010-08-27,2010-08-30,BUY_EXTRA_1,TQQQ,2.0,0.1904,-18.39,,,,
2010-08-30,2010-08-31,BUY_EXTRA_2,TQQQ,3.0,0.1895,-21.03,,,,
2010-09-03,2010-09-07,SELL_EXTRAS,TQQQ,1.0,0.2178,,,,3.0,extra shares profit >= 12%
2010-09-07,2010-09-08,BUY_EXTRA_1,TQQQ,2.0,0.2255,-9.68,,,,
2010-09-17,2010-09-20,SELL_EXTRAS,TQQQ,1.0,0.2676,,,,2.0,extra shares profit >= 12%
2010-10-04,2010-10-05,BUY_EXTRA_1,TQQQ,2.0,0.2804,-6.68,,,,
2010-10-19,2010-10-20,SELL_EXTRAS,TQQQ,1.0,0.3058,,,,2.0,extra shares max holding days 10
2010-11-12,2010-11-15,BUY_EXTRA_1,TQQQ,2.0,0.3255,-6.79,,,,
2010-11-30,2010-12-01,SELL_EXTRAS,TQQQ,1.0,0.3399,,,,2.0,extra shares max holding days 10
2011-01-04,2011-01-05,RESET_ON_ROTATION,,,0.7853,,TQQQ,SOXL,1.0,
2011-01-19,2011-01-20,BUY_EXTRA_1,SOXL,2.0,0.8804,-8.06,,,,
2011-02-02,2011-02-03,SELL_EXTRAS,SOXL,1.0,0.9996,,,,2.0,extra shares profit >= 12%
2011-02-22,2011-02-23,BUY_EXTRA_1,SOXL,2.0,0.9329,-12.93,,,,
2011-02-23,2011-02-24,BUY_EXTRA_2,SOXL,3.0,0.979,-17.6,,,,
2011-03-09,2011-03-10,SELL_EXTRAS,SOXL,1.0,0.7964,,,,3.0,extra shares max holding days 10
2011-03-10,2011-03-11,BUY_EXTRA_1,SOXL,2.0,0.8176,-29.66,,,,
2011-03-11,2011-03-14,BUY_EXTRA_2,SOXL,3.0,0.8143,-27.78,,,,
2011-03-25,2011-03-28,SELL_EXTRAS,SOXL,1.0,0.8672,,,,3.0,extra shares max holding days 10
2011-03-28,2011-03-29,BUY_EXTRA_1,SOXL,2.0,0.891,-23.4,,,,
2011-03-29,2011-03-30,BUY_EXTRA_2,SOXL,3.0,0.8939,-21.3,,,,
2011-04-04,2011-04-05,RESET_ON_ROTATION,,,0.4144,,SOXL,TQQQ,3.0,
2011-04-18,2011-04-19,BUY_EXTRA_1,TQQQ,2.0,0.4034,-5.09,,,,
2011-04-26,2011-04-27,SELL_EXTRAS,TQQQ,1.0,0.4615,,,,2.0,extra shares profit >= 12%
2011-05-16,2011-05-17,BUY_EXTRA_1,TQQQ,2.0,0.4223,-9.24,,,,
2011-06-01,2011-06-02,SELL_EXTRAS,TQQQ,1.0,0.4132,,,,2.0,extra shares max holding days 10
2011-06-02,2011-06-03,BUY_EXTRA_1,TQQQ,2.0,0.3944,-10.47,,,,
2011-06-06,2011-06-07,BUY_EXTRA_2,TQQQ,3.0,0.3826,-16.6,,,,
2011-06-09,2011-06-10,RESET_ON_ROTATION,,,0.3588,,TQQQ,TQQQ,3.0,
2011-06-15,2011-06-16,BUY_EXTRA_1,TQQQ,2.0,0.3471,-5.46,,,,
2011-06-29,2011-06-30,SELL_EXTRAS,TQQQ,1.0,0.408,,,,2.0,extra shares profit >= 12%
2011-07-11,2011-07-12,BUY_EXTRA_1,TQQQ,2.0,0.417,-6.15,,,,
2011-07-26,2011-07-27,SELL_EXTRAS,TQQQ,1.0,0.428,,,,2.0,extra shares max holding days 10
2011-07-27,2011-07-28,BUY_EXTRA_1,TQQQ,2.0,0.4303,-7.63,,,,
2011-08-02,2011-08-03,BUY_EXTRA_2,TQQQ,3.0,0.3985,-16.16,,,,
2011-08-08,2011-08-09,RESET_ON_ROTATION,,,0.3155,,TQQQ,TQQQ,3.0,
2011-08-10,2011-08-11,BUY_EXTRA_1,TQQQ,2.0,0.3141,-11.79,,,,
2011-08-18,2011-08-19,BUY_EXTRA_2,TQQQ,3.0,0.2599,-18.05,,,,
2011-08-25,2011-08-26,SELL_EXTRAS,TQQQ,1.0,0.3079,,,,3.0,extra shares max holding days 10
2011-08-26,2011-08-29,BUY_EXTRA_1,TQQQ,2.0,0.3341,-8.36,,,,
2011-09-13,2011-09-14,SELL_EXTRAS,TQQQ,1.0,0.3451,,,,2.0,extra shares max holding days 10
2011-09-21,2011-09-22,BUY_EXTRA_1,TQQQ,2.0,0.3135,-6.43,,,,
2011-09-22,2011-09-23,BUY_EXTRA_2,TQQQ,3.0,0.3233,-15.53,,,,
2011-10-06,2011-10-07,SELL_EXTRAS,TQQQ,1.0,0.3182,,,,3.0,extra shares max holding days 10
2011-10-07,2011-10-10,BUY_EXTRA_1,TQQQ,2.0,0.3509,-14.26,,,,
2011-10-14,2011-10-17,SELL_EXTRAS,TQQQ,1.0,0.3762,,,,2.0,extra shares profit >= 12%
2011-10-19,2011-10-20,BUY_EXTRA_1,TQQQ,2.0,0.3627,-6.87,,,,
2011-10-28,2011-10-31,SELL_EXTRAS,TQQQ,1.0,0.3864,,,,2.0,extra shares profit >= 12%
2011-11-01,2011-11-02,BUY_EXTRA_1,TQQQ,2.0,0.3653,-12.32,,,,
2011-11-16,2011-11-17,SELL_EXTRAS,TQQQ,1.0,0.3413,,,,2.0,extra shares max holding days 10
2011-11-17,2011-11-18,BUY_EXTRA_1,TQQQ,2.0,0.3332,-16.04,,,,
2011-11-18,2011-11-21,BUY_EXTRA_2,TQQQ,3.0,0.3138,-18.05,,,,
2011-12-05,2011-12-06,SELL_EXTRAS,TQQQ,1.0,0.36,,,,3.0,extra shares max holding days 10
2011-12-06,2011-12-07,BUY_EXTRA_1,TQQQ,2.0,0.3606,-11.45,,,,
2011-12-08,2011-12-09,BUY_EXTRA_2,TQQQ,3.0,0.3584,-15.83,,,,
2011-12-21,2011-12-22,SELL_EXTRAS,TQQQ,1.0,0.3335,,,,3.0,extra shares max holding days 10
2011-12-22,2011-12-23,BUY_EXTRA_1,TQQQ,2.0,0.3421,-17.98,,,,
2011-12-23,2011-12-27,BUY_EXTRA_2,TQQQ,3.0,0.3447,-15.85,,,,
2012-01-10,2012-01-11,SELL_EXTRAS,TQQQ,1.0,0.3807,,,,3.0,extra shares max holding days 10
2012-01-11,2012-01-12,BUY_EXTRA_1,TQQQ,2.0,0.3852,-6.37,,,,
2012-01-27,2012-01-30,SELL_EXTRAS,TQQQ,1.0,0.4265,,,,2.0,extra shares max holding days 10
2012-03-06,2012-03-07,BUY_EXTRA_1,TQQQ,2.0,0.5054,-6.18,,,,
2012-03-15,2012-03-16,SELL_EXTRAS,TQQQ,1.0,0.5676,,,,2.0,extra shares profit >= 12%
2012-04-10,2012-04-11,BUY_EXTRA_1,TQQQ,2.0,0.5637,-9.18,,,,
2012-04-24,2012-04-25,BUY_EXTRA_2,TQQQ,3.0,0.5604,-15.15,,,,
2012-04-25,2012-04-26,SELL_EXTRAS,TQQQ,1.0,0.5704,,,,3.0,extra shares max holding days 10
2012-04-26,2012-04-27,BUY_EXTRA_1,TQQQ,2.0,0.5802,-6.77,,,,
2012-05-04,2012-05-07,BUY_EXTRA_2,TQQQ,3.0,0.5171,-15.6,,,,
2012-05-11,2012-05-14,SELL_EXTRAS,TQQQ,1.0,0.489,,,,3.0,extra shares max holding days 10
2012-05-14,2012-05-15,BUY_EXTRA_1,TQQQ,2.0,0.4847,-20.08,,,,
2012-05-15,2012-05-16,BUY_EXTRA_2,TQQQ,3.0,0.4742,-20.78,,,,
2012-05-30,2012-05-31,SELL_EXTRAS,TQQQ,1.0,0.452,,,,3.0,extra shares max holding days 10
2012-05-31,2012-06-01,BUY_EXTRA_1,TQQQ,2.0,0.4164,-26.13,,,,
2012-06-01,2012-06-04,BUY_EXTRA_2,TQQQ,3.0,0.4254,-31.94,,,,
2012-06-15,2012-06-18,SELL_EXTRAS,TQQQ,1.0,0.4857,,,,3.0,extra shares max holding days 10
2012-06-18,2012-06-19,BUY_EXTRA_1,TQQQ,2.0,0.5017,-20.62,,,,
2012-06-19,2012-06-20,BUY_EXTRA_2,TQQQ,3.0,0.5035,-18.0,,,,
2012-07-03,2012-07-05,SELL_EXTRAS,TQQQ,1.0,0.5139,,,,3.0,extra shares max holding days 10
2012-07-05,2012-07-06,BUY_EXTRA_1,TQQQ,2.0,0.4936,-16.01,,,,
2012-07-06,2012-07-09,BUY_EXTRA_2,TQQQ,3.0,0.492,-19.32,,,,
2012-07-20,2012-07-23,SELL_EXTRAS,TQQQ,1.0,0.4779,,,,3.0,extra shares max holding days 10
2012-07-23,2012-07-24,BUY_EXTRA_1,TQQQ,2.0,0.4669,-21.9,,,,
2012-07-24,2012-07-25,BUY_EXTRA_2,TQQQ,3.0,0.4565,-23.68,,,,
2012-08-03,2012-08-06,SELL_EXTRAS,TQQQ,1.0,0.5374,,,,3.0,extra shares profit >= 12%
2012-08-06,2012-08-07,BUY_EXTRA_1,TQQQ,2.0,0.5507,-12.17,,,,
2012-08-21,2012-08-22,SELL_EXTRAS,TQQQ,1.0,0.595,,,,2.0,extra shares max holding days 10
2012-08-30,2012-08-31,BUY_EXTRA_1,TQQQ,2.0,0.5892,-5.71,,,,
2012-09-17,2012-09-18,SELL_EXTRAS,TQQQ,1.0,0.642,,,,2.0,extra shares max holding days 10
2012-09-25,2012-09-26,BUY_EXTRA_1,TQQQ,2.0,0.5915,-6.0,,,,
2012-10-10,2012-10-11,SELL_EXTRAS,TQQQ,1.0,0.5524,,,,2.0,extra shares max holding days 10
2012-10-11,2012-10-12,BUY_EXTRA_1,TQQQ,2.0,0.5523,-14.53,,,,
2012-10-19,2012-10-22,BUY_EXTRA_2,TQQQ,3.0,0.5333,-18.75,,,,
2012-10-26,2012-10-31,SELL_EXTRAS,TQQQ,1.0,0.5077,,,,3.0,extra shares max holding days 10
2012-10-31,2012-11-01,BUY_EXTRA_1,TQQQ,2.0,0.5293,-21.44,,,,
2012-11-01,2012-11-02,BUY_EXTRA_2,TQQQ,3.0,0.5099,-18.1,,,,
2012-11-15,2012-11-16,SELL_EXTRAS,TQQQ,1.0,0.4451,,,,3.0,extra shares max holding days 10
2012-11-16,2012-11-19,BUY_EXTRA_1,TQQQ,2.0,0.4772,-31.13,,,,
2012-11-19,2012-11-20,BUY_EXTRA_2,TQQQ,3.0,0.4773,-26.17,,,,
2012-12-04,2012-12-05,SELL_EXTRAS,TQQQ,1.0,0.502,,,,3.0,extra shares max holding days 10
2012-12-05,2012-12-06,BUY_EXTRA_1,TQQQ,2.0,0.5112,-22.33,,,,
2012-12-06,2012-12-07,BUY_EXTRA_2,TQQQ,3.0,0.5025,-20.9,,,,
2012-12-20,2012-12-21,SELL_EXTRAS,TQQQ,1.0,0.516,,,,3.0,extra shares max holding days 10
2012-12-21,2012-12-24,BUY_EXTRA_1,TQQQ,2.0,0.5116,-20.16,,,,
2012-12-24,2012-12-26,BUY_EXTRA_2,TQQQ,3.0,0.4995,-20.84,,,,
2013-01-09,2013-01-10,SELL_EXTRAS,TQQQ,1.0,0.5608,,,,3.0,extra shares max holding days 10
2013-01-10,2013-01-11,BUY_EXTRA_1,TQQQ,2.0,0.5629,-13.22,,,,
2013-01-15,2013-01-16,BUY_EXTRA_2,TQQQ,3.0,0.5536,-15.29,,,,
2013-01-28,2013-01-29,SELL_EXTRAS,TQQQ,1.0,0.5597,,,,3.0,extra shares max holding days 10
2013-01-29,2013-01-30,BUY_EXTRA_1,TQQQ,2.0,0.5567,-13.39,,,,
2013-02-04,2013-02-05,RESET_ON_ROTATION,,,0.5316,,TQQQ,SOXL,2.0,
2013-02-20,2013-02-21,BUY_EXTRA_1,SOXL,2.0,0.5146,-6.71,,,,
2013-03-06,2013-03-07,SELL_EXTRAS,SOXL,1.0,0.5848,,,,2.0,extra shares profit >= 12%
2013-03-18,2013-03-19,BUY_EXTRA_1,SOXL,2.0,0.5516,-8.71,,,,
2013-04-03,2013-04-04,SELL_EXTRAS,SOXL,1.0,0.5266,,,,2.0,extra shares max holding days 10
2013-04-04,2013-04-05,BUY_EXTRA_1,SOXL,2.0,0.519,-13.87,,,,
2013-04-05,2013-04-08,BUY_EXTRA_2,SOXL,3.0,0.5381,-15.11,,,,
2013-04-19,2013-04-22,SELL_EXTRAS,SOXL,1.0,0.5228,,,,3.0,extra shares max holding days 10
2013-04-22,2013-04-23,BUY_EXTRA_1,SOXL,2.0,0.5564,-14.49,,,,
2013-05-02,2013-05-03,RESET_ON_ROTATION,,,0.685,,SOXL,TQQQ,2.0,
2013-06-04,2013-06-05,BUY_EXTRA_1,TQQQ,2.0,0.6824,-5.25,,,,
2013-06-19,2013-06-20,SELL_EXTRAS,TQQQ,1.0,0.6482,,,,2.0,extra shares max holding days 10
2013-06-20,2013-06-21,BUY_EXTRA_1,TQQQ,2.0,0.639,-13.45,,,,
2013-06-24,2013-06-25,BUY_EXTRA_2,TQQQ,3.0,0.6325,-17.31,,,,
2013-07-02,2013-07-03,RESET_ON_ROTATION,,,0.7193,,TQQQ,SOXL,3.0,
2013-07-08,2013-07-09,BUY_EXTRA_1,SOXL,2.0,0.7246,-5.95,,,,
2013-07-16,2013-07-17,SELL_EXTRAS,SOXL,1.0,0.8196,,,,2.0,extra shares profit >= 12%
2013-07-24,2013-07-25,BUY_EXTRA_1,SOXL,2.0,0.7504,-10.05,,,,
2013-08-08,2013-08-09,SELL_EXTRAS,SOXL,1.0,0.7268,,,,2.0,extra shares max holding days 10
2013-08-09,2013-08-12,BUY_EXTRA_1,SOXL,2.0,0.7348,-11.32,,,,
2013-08-15,2013-08-16,BUY_EXTRA_2,SOXL,3.0,0.6825,-17.54,,,,
2013-08-26,2013-08-27,SELL_EXTRAS,SOXL,1.0,0.6343,,,,3.0,extra shares max holding days 10
2013-08-27,2013-08-28,BUY_EXTRA_1,SOXL,2.0,0.6552,-22.61,,,,
2013-08-28,2013-08-29,RESET_ON_ROTATION,,,0.6802,,SOXL,SOXL,2.0,
2013-09-04,2013-09-05,RESET_ON_ROTATION,,,0.8203,,SOXL,TQQQ,1.0,
2013-10-08,2013-10-09,BUY_EXTRA_1,TQQQ,2.0,0.8281,-9.07,,,,
2013-10-16,2013-10-17,SELL_EXTRAS,TQQQ,1.0,0.9556,,,,2.0,extra shares profit >= 12%
2013-11-07,2013-11-08,BUY_EXTRA_1,TQQQ,2.0,1.0138,-5.81,,,,
2013-11-22,2013-11-25,SELL_EXTRAS,TQQQ,1.0,1.0736,,,,2.0,extra shares max holding days 10
2013-12-13,2013-12-16,BUY_EXTRA_1,TQQQ,2.0,1.1167,-5.14,,,,
2013-12-31,2014-01-02,SELL_EXTRAS,TQQQ,1.0,1.2029,,,,2.0,extra shares max holding days 10
2014-01-06,2014-01-07,BUY_EXTRA_1,TQQQ,2.0,1.1944,-5.48,,,,
2014-01-22,2014-01-23,SELL_EXTRAS,TQQQ,1.0,1.2478,,,,2.0,extra shares max holding days 10
2014-01-24,2014-01-27,BUY_EXTRA_1,TQQQ,2.0,1.1397,-7.06,,,,
2014-02-10,2014-02-11,SELL_EXTRAS,TQQQ,1.0,1.2529,,,,2.0,extra shares max holding days 10
2014-03-04,2014-03-05,RESET_ON_ROTATION,,,1.2632,,TQQQ,SOXL,1.0,
2014-03-13,2014-03-14,BUY_EXTRA_1,SOXL,2.0,1.2053,-5.21,,,,
2014-03-20,2014-03-21,SELL_EXTRAS,SOXL,1.0,1.3358,,,,2.0,extra shares profit >= 12%
2014-03-27,2014-03-28,BUY_EXTRA_1,SOXL,2.0,1.301,-7.17,,,,
2014-04-11,2014-04-14,SELL_EXTRAS,SOXL,1.0,1.204,,,,2.0,extra shares max holding days 10
2014-04-14,2014-04-15,BUY_EXTRA_1,SOXL,2.0,1.2289,-15.64,,,,
2014-04-24,2014-04-25,SELL_EXTRAS,SOXL,1.0,1.2464,,,,2.0,extra shares profit >= 12%
2014-04-25,2014-04-28,BUY_EXTRA_1,SOXL,2.0,1.2236,-12.68,,,,
2014-05-12,2014-05-13,SELL_EXTRAS,SOXL,1.0,1.314,,,,2.0,extra shares max holding days 10
2014-05-13,2014-05-14,BUY_EXTRA_1,SOXL,2.0,1.2805,-7.94,,,,
2014-05-29,2014-05-30,SELL_EXTRAS,SOXL,1.0,1.4397,,,,2.0,extra shares max holding days 10
2014-07-17,2014-07-18,BUY_EXTRA_1,SOXL,2.0,1.7738,-7.72,,,,
2014-07-25,2014-07-28,BUY_EXTRA_2,SOXL,3.0,1.5492,-15.98,,,,
2014-08-01,2014-08-04,SELL_EXTRAS,SOXL,1.0,1.5209,,,,3.0,extra shares max holding days 10
2014-08-04,2014-08-05,RESET_ON_ROTATION,,,1.507,,SOXL,TQQQ,1.0,
2014-09-25,2014-09-26,BUY_EXTRA_1,TQQQ,2.0,1.7168,-6.96,,,,
2014-10-10,2014-10-13,SELL_EXTRAS,TQQQ,1.0,1.4194,,,,2.0,extra shares max holding days 10
2014-10-13,2014-10-14,BUY_EXTRA_1,TQQQ,2.0,1.422,-20.62,,,,
2014-10-14,2014-10-15,BUY_EXTRA_2,TQQQ,3.0,1.3916,-20.47,,,,
2014-10-21,2014-10-22,SELL_EXTRAS,TQQQ,1.0,1.5763,,,,3.0,extra shares profit >= 12%
2014-10-22,2014-10-23,BUY_EXTRA_1,TQQQ,2.0,1.6483,-11.85,,,,
2014-11-03,2014-11-04,SELL_EXTRAS,TQQQ,1.0,1.8296,,,,2.0,extra shares profit >= 12%
2014-12-10,2014-12-11,BUY_EXTRA_1,TQQQ,2.0,1.9574,-7.88,,,,
2014-12-16,2014-12-17,BUY_EXTRA_2,TQQQ,3.0,1.8385,-16.6,,,,
2014-12-26,2014-12-29,SELL_EXTRAS,TQQQ,1.0,2.0396,,,,3.0,extra shares max holding days 10
2014-12-31,2015-01-02,BUY_EXTRA_1,TQQQ,2.0,1.919,-7.51,,,,
2015-01-06,2015-01-07,BUY_EXTRA_2,TQQQ,3.0,1.8277,-15.87,,,,
2015-01-16,2015-01-20,SELL_EXTRAS,TQQQ,1.0,1.8346,,,,3.0,extra shares max holding days 10
2015-01-20,2015-01-21,BUY_EXTRA_1,TQQQ,2.0,1.8628,-12.3,,,,
2015-02-03,2015-02-04,RESET_ON_ROTATION,,,1.8737,,TQQQ,SOXL,2.0,
2015-03-03,2015-03-04,BUY_EXTRA_1,SOXL,2.0,2.3214,-5.78,,,,
2015-03-18,2015-03-19,SELL_EXTRAS,SOXL,1.0,2.3191,,,,2.0,extra shares max holding days 10
2015-03-19,2015-03-20,BUY_EXTRA_1,SOXL,2.0,2.4209,-6.02,,,,
2015-03-25,2015-03-26,BUY_EXTRA_2,SOXL,3.0,1.8972,-19.81,,,,
2015-04-02,2015-04-06,RESET_ON_ROTATION,,,2.0624,,SOXL,TQQQ,3.0,
2015-04-17,2015-04-20,BUY_EXTRA_1,TQQQ,2.0,2.1531,-5.01,,,,
2015-05-04,2015-05-05,SELL_EXTRAS,TQQQ,1.0,2.139,,,,2.0,extra shares max holding days 10
2015-05-05,2015-05-06,BUY_EXTRA_1,TQQQ,2.0,2.0934,-8.21,,,,
2015-05-20,2015-05-21,SELL_EXTRAS,TQQQ,1.0,2.3227,,,,2.0,extra shares max holding days 10
2015-06-08,2015-06-09,BUY_EXTRA_1,TQQQ,2.0,2.1597,-7.4,,,,
2015-06-23,2015-06-24,SELL_EXTRAS,TQQQ,1.0,2.3049,,,,2.0,extra shares max holding days 10
2015-06-29,2015-06-30,BUY_EXTRA_1,TQQQ,2.0,2.1122,-10.9,,,,
2015-07-15,2015-07-16,SELL_EXTRAS,TQQQ,1.0,2.3924,,,,2.0,extra shares max holding days 10
2015-07-24,2015-07-27,BUY_EXTRA_1,TQQQ,2.0,2.2822,-7.41,,,,
2015-08-10,2015-08-11,SELL_EXTRAS,TQQQ,1.0,2.2743,,,,2.0,extra shares max holding days 10
2015-08-11,2015-08-12,BUY_EXTRA_1,TQQQ,2.0,2.2943,-10.1,,,,
2015-08-20,2015-08-21,BUY_EXTRA_2,TQQQ,3.0,1.8253,-17.6,,,,
2015-08-25,2015-08-26,RESET_ON_ROTATION,,,1.817,,TQQQ,TQQQ,3.0,
2015-09-01,2015-09-02,BUY_EXTRA_1,TQQQ,2.0,1.8531,-12.52,,,,
2015-09-17,2015-09-18,SELL_EXTRAS,TQQQ,1.0,1.9371,,,,2.0,extra shares max holding days 10
2015-09-22,2015-09-23,BUY_EXTRA_1,TQQQ,2.0,1.8704,-7.68,,,,
2015-09-28,2015-09-29,BUY_EXTRA_2,TQQQ,3.0,1.6239,-18.51,,,,
2015-10-07,2015-10-08,SELL_EXTRAS,TQQQ,1.0,1.9575,,,,3.0,extra shares max holding days 10
2015-11-12,2015-11-13,BUY_EXTRA_1,TQQQ,2.0,2.1575,-7.62,,,,
2015-11-20,2015-11-23,SELL_EXTRAS,TQQQ,1.0,2.4159,,,,2.0,extra shares profit >= 12%
2015-12-03,2015-12-04,BUY_EXTRA_1,TQQQ,2.0,2.4681,-6.93,,,,
2015-12-18,2015-12-21,SELL_EXTRAS,TQQQ,1.0,2.2234,,,,2.0,extra shares max holding days 10
2015-12-21,2015-12-22,BUY_EXTRA_1,TQQQ,2.0,2.2655,-10.4,,,,
2016-01-06,2016-01-07,BUY_EXTRA_2,TQQQ,3.0,1.8587,-17.22,,,,
2016-01-07,2016-01-08,SELL_EXTRAS,TQQQ,1.0,1.8148,,,,3.0,extra shares max holding days 10
2016-01-08,2016-01-11,BUY_EXTRA_1,TQQQ,2.0,1.8307,-26.86,,,,
2016-01-11,2016-01-12,BUY_EXTRA_2,TQQQ,3.0,1.8924,-26.22,,,,
2016-01-26,2016-01-27,SELL_EXTRAS,TQQQ,1.0,1.6158,,,,3.0,extra shares max holding days 10
2016-01-27,2016-01-28,BUY_EXTRA_1,TQQQ,2.0,1.6795,-34.88,,,,
2016-01-28,2016-01-29,BUY_EXTRA_2,TQQQ,3.0,1.789,-32.31,,,,
2016-02-09,2016-02-10,RESET_ON_ROTATION,,,1.4198,,TQQQ,TQQQ,3.0,
2016-03-02,2016-03-03,RESET_ON_ROTATION,,,1.4172,,TQQQ,SOXL,1.0,
2016-03-08,2016-03-09,BUY_EXTRA_1,SOXL,2.0,1.4117,-6.81,,,,
2016-03-18,2016-03-21,SELL_EXTRAS,SOXL,1.0,1.6344,,,,2.0,extra shares profit >= 12%
2016-04-07,2016-04-08,BUY_EXTRA_1,SOXL,2.0,1.5907,-6.21,,,,
2016-04-22,2016-04-25,SELL_EXTRAS,SOXL,1.0,1.5446,,,,2.0,extra shares max holding days 10
2016-04-25,2016-04-26,BUY_EXTRA_1,SOXL,2.0,1.6065,-8.68,,,,
2016-04-29,2016-05-02,BUY_EXTRA_2,SOXL,3.0,1.4366,-16.79,,,,
2016-05-10,2016-05-11,SELL_EXTRAS,SOXL,1.0,1.3862,,,,3.0,extra shares max holding days 10
2016-05-11,2016-05-12,BUY_EXTRA_1,SOXL,2.0,1.3128,-18.04,,,,
2016-05-12,2016-05-13,BUY_EXTRA_2,SOXL,3.0,1.3286,-22.38,,,,
2016-05-20,2016-05-23,SELL_EXTRAS,SOXL,1.0,1.5652,,,,3.0,extra shares profit >= 12%
2016-05-23,2016-05-24,BUY_EXTRA_1,SOXL,2.0,1.6787,-7.46,,,,
2016-06-08,2016-06-09,SELL_EXTRAS,SOXL,1.0,1.874,,,,2.0,extra shares max holding days 10
2016-06-10,2016-06-13,BUY_EXTRA_1,SOXL,2.0,1.7557,-5.02,,,,
2016-06-24,2016-06-27,BUY_EXTRA_2,SOXL,3.0,1.4002,-16.88,,,,
2016-06-27,2016-06-28,SELL_EXTRAS,SOXL,1.0,1.5124,,,,3.0,extra shares max holding days 10
2016-06-28,2016-06-29,BUY_EXTRA_1,SOXL,2.0,1.6034,-20.91,,,,
2016-06-29,2016-06-30,BUY_EXTRA_2,SOXL,3.0,1.6908,-16.15,,,,
2016-07-12,2016-07-13,SELL_EXTRAS,SOXL,1.0,1.8898,,,,3.0,extra shares profit >= 12%
2016-08-02,2016-08-03,BUY_EXTRA_1,SOXL,2.0,2.1955,-7.8,,,,
2016-08-15,2016-08-16,SELL_EXTRAS,SOXL,1.0,2.4437,,,,2.0,extra shares profit >= 12%
2016-09-09,2016-09-12,BUY_EXTRA_1,SOXL,2.0,2.4261,-14.56,,,,
2016-09-26,2016-09-27,SELL_EXTRAS,SOXL,1.0,2.6724,,,,2.0,extra shares max holding days 10
2016-10-11,2016-10-12,BUY_EXTRA_1,SOXL,2.0,2.6809,-8.18,,,,
2016-10-26,2016-10-27,SELL_EXTRAS,SOXL,1.0,2.7816,,,,2.0,extra shares max holding days 10
2016-10-27,2016-10-28,BUY_EXTRA_1,SOXL,2.0,2.7337,-5.79,,,,
2016-11-11,2016-11-14,SELL_EXTRAS,SOXL,1.0,2.8483,,,,2.0,extra shares max holding days 10
2016-12-01,2016-12-02,BUY_EXTRA_1,SOXL,2.0,2.9915,-17.5,,,,
2016-12-07,2016-12-08,SELL_EXTRAS,SOXL,1.0,3.5217,,,,2.0,extra shares profit >= 12%
2016-12-28,2016-12-29,BUY_EXTRA_1,SOXL,2.0,3.8087,-5.81,,,,
2017-01-13,2017-01-17,SELL_EXTRAS,SOXL,1.0,3.651,,,,2.0,extra shares max holding days 10
2017-01-17,2017-01-18,BUY_EXTRA_1,SOXL,2.0,3.8036,-9.73,,,,
2017-01-27,2017-01-30,SELL_EXTRAS,SOXL,1.0,4.2403,,,,2.0,extra shares profit >= 12%
2017-01-31,2017-02-01,BUY_EXTRA_1,SOXL,2.0,4.2689,-5.43,,,,
2017-02-15,2017-02-16,SELL_EXTRAS,SOXL,1.0,4.4291,,,,2.0,extra shares max holding days 10
2017-02-24,2017-02-27,BUY_EXTRA_1,SOXL,2.0,4.5816,-5.13,,,,
2017-03-13,2017-03-14,SELL_EXTRAS,SOXL,1.0,4.7742,,,,2.0,extra shares max holding days 10
2017-03-21,2017-03-22,BUY_EXTRA_1,SOXL,2.0,4.8073,-6.96,,,,
2017-04-04,2017-04-05,RESET_ON_ROTATION,,,3.4715,,SOXL,TQQQ,2.0,
2017-05-17,2017-05-18,BUY_EXTRA_1,TQQQ,2.0,3.8758,-7.57,,,,
2017-06-02,2017-06-05,SELL_EXTRAS,TQQQ,1.0,4.4115,,,,2.0,extra shares max holding days 10
2017-06-09,2017-06-12,BUY_EXTRA_1,TQQQ,2.0,4.0271,-7.23,,,,
2017-06-26,2017-06-27,SELL_EXTRAS,TQQQ,1.0,3.9357,,,,2.0,extra shares max holding days 10
2017-06-27,2017-06-28,BUY_EXTRA_1,TQQQ,2.0,4.101,-10.98,,,,
2017-07-13,2017-07-14,SELL_EXTRAS,TQQQ,1.0,4.2733,,,,2.0,extra shares max holding days 10
2017-08-02,2017-08-03,RESET_ON_ROTATION,,,5.823,,TQQQ,SOXL,1.0,
2017-08-10,2017-08-11,BUY_EXTRA_1,SOXL,2.0,5.598,-10.2,,,,
2017-08-25,2017-08-28,SELL_EXTRAS,SOXL,1.0,5.8376,,,,2.0,extra shares max holding days 10
2017-09-05,2017-09-06,RESET_ON_ROTATION,,,4.4985,,SOXL,TQQQ,1.0,
2017-09-25,2017-09-26,BUY_EXTRA_1,TQQQ,2.0,4.3333,-6.7,,,,
2017-10-10,2017-10-11,SELL_EXTRAS,TQQQ,1.0,4.7793,,,,2.0,extra shares max holding days 10
2017-11-02,2017-11-03,RESET_ON_ROTATION,,,9.9438,,TQQQ,SOXL,1.0,
2017-11-09,2017-11-10,BUY_EXTRA_1,SOXL,2.0,9.9933,-6.09,,,,
2017-11-27,2017-11-28,SELL_EXTRAS,SOXL,1.0,10.4688,,,,2.0,extra shares max holding days 10
2017-11-29,2017-11-30,BUY_EXTRA_1,SOXL,2.0,9.2611,-16.49,,,,
2017-12-01,2017-12-04,BUY_EXTRA_2,SOXL,3.0,8.2949,-17.86,,,,
2017-12-05,2017-12-06,RESET_ON_ROTATION,,,8.3897,,SOXL,SOXL,3.0,
2017-12-26,2017-12-27,BUY_EXTRA_1,SOXL,2.0,8.9863,-6.28,,,,
2018-01-03,2018-01-04,RESET_ON_ROTATION,,,5.9966,,SOXL,TQQQ,2.0,
2018-02-01,2018-02-02,BUY_EXTRA_1,TQQQ,2.0,6.4406,-5.09,,,,
2018-02-05,2018-02-06,BUY_EXTRA_2,TQQQ,3.0,6.1363,-21.18,,,,
2018-02-09,2018-02-12,RESET_ON_ROTATION,,,5.709,,TQQQ,TQQQ,3.0,
2018-02-28,2018-03-01,BUY_EXTRA_1,TQQQ,2.0,6.2841,-5.52,,,,
2018-03-09,2018-03-12,SELL_EXTRAS,TQQQ,1.0,7.406,,,,2.0,extra shares profit >= 12%
2018-03-16,2018-03-19,BUY_EXTRA_1,TQQQ,2.0,6.5927,-5.02,,,,
2018-03-22,2018-03-23,BUY_EXTRA_2,TQQQ,3.0,5.5768,-18.08,,,,
2018-04-03,2018-04-04,RESET_ON_ROTATION,,,9.4348,,TQQQ,SOXL,3.0,
2018-04-06,2018-04-09,BUY_EXTRA_1,SOXL,2.0,8.4621,-11.92,,,,
2018-04-12,2018-04-13,SELL_EXTRAS,SOXL,1.0,9.5779,,,,2.0,extra shares profit >= 12%
2018-04-19,2018-04-20,BUY_EXTRA_1,SOXL,2.0,8.2846,-15.61,,,,
2018-04-20,2018-04-23,BUY_EXTRA_2,SOXL,3.0,7.9513,-18.64,,,,
2018-04-26,2018-04-27,RESET_ON_ROTATION,,,8.0212,,SOXL,SOXL,3.0,
2018-05-02,2018-05-03,RESET_ON_ROTATION,,,5.7745,,SOXL,TQQQ,1.0,
2018-06-25,2018-06-26,BUY_EXTRA_1,TQQQ,2.0,6.8878,-9.77,,,,
2018-07-11,2018-07-12,SELL_EXTRAS,TQQQ,1.0,7.7527,,,,2.0,extra shares max holding days 10
2018-07-27,2018-07-30,BUY_EXTRA_1,TQQQ,2.0,7.1761,-8.36,,,,
2018-08-13,2018-08-14,SELL_EXTRAS,TQQQ,1.0,7.9529,,,,2.0,extra shares max holding days 10
2018-08-15,2018-08-16,BUY_EXTRA_1,TQQQ,2.0,7.7337,-6.35,,,,
2018-08-30,2018-08-31,SELL_EXTRAS,TQQQ,1.0,8.6142,,,,2.0,extra shares max holding days 10
2018-09-05,2018-09-06,BUY_EXTRA_1,TQQQ,2.0,7.9505,-5.38,,,,
2018-09-20,2018-09-21,SELL_EXTRAS,TQQQ,1.0,8.165,,,,2.0,extra shares max holding days 10
2018-09-21,2018-09-24,BUY_EXTRA_1,TQQQ,2.0,8.2353,-5.48,,,,
2018-10-08,2018-10-09,SELL_EXTRAS,TQQQ,1.0,7.6348,,,,2.0,extra shares max holding days 10
2018-10-09,2018-10-10,BUY_EXTRA_1,TQQQ,2.0,6.6447,-11.61,,,,
2018-10-10,2018-10-11,BUY_EXTRA_2,TQQQ,3.0,6.3754,-23.08,,,,
2018-10-24,2018-10-25,SELL_EXTRAS,TQQQ,1.0,6.4267,,,,3.0,extra shares max holding days 10
2018-10-25,2018-10-26,BUY_EXTRA_1,TQQQ,2.0,5.9274,-25.6,,,,
2018-10-26,2018-10-29,BUY_EXTRA_2,TQQQ,3.0,5.6105,-31.38,,,,
2018-11-01,2018-11-02,SELL_EXTRAS,TQQQ,1.0,6.2015,,,,3.0,extra shares profit >= 12%
2018-11-02,2018-11-05,BUY_EXTRA_1,TQQQ,2.0,6.1407,-28.21,,,,
2018-11-05,2018-11-06,BUY_EXTRA_2,TQQQ,3.0,6.2706,-28.91,,,,
2018-11-19,2018-11-20,SELL_EXTRAS,TQQQ,1.0,5.0517,,,,3.0,extra shares max holding days 10
2018-11-20,2018-11-21,BUY_EXTRA_1,TQQQ,2.0,5.1649,-41.52,,,,
2018-11-21,2018-11-23,RESET_ON_ROTATION,,,5.0505,,TQQQ,TQQQ,2.0,
2018-12-04,2018-12-06,RESET_ON_ROTATION,,,5.7332,,TQQQ,TQQQ,1.0,
2018-12-07,2018-12-10,RESET_ON_ROTATION,,,5.3341,,TQQQ,TQQQ,1.0,
2018-12-11,2018-12-12,RESET_ON_ROTATION,,,6.1032,,TQQQ,SOXL,1.0,
2018-12-14,2018-12-17,BUY_EXTRA_1,SOXL,2.0,5.5611,-5.33,,,,
2018-12-19,2018-12-20,BUY_EXTRA_2,SOXL,3.0,4.9213,-17.25,,,,
2018-12-20,2018-12-21,RESET_ON_ROTATION,,,4.6956,,SOXL,SOXL,3.0,
2018-12-24,2018-12-26,BUY_EXTRA_1,SOXL,2.0,5.0248,-8.68,,,,
2018-12-26,2018-12-27,RESET_ON_ROTATION,,,5.1373,,SOXL,SOXL,2.0,
2019-01-03,2019-01-04,RESET_ON_ROTATION,,,4.5658,,SOXL,TQQQ,1.0,
2019-01-22,2019-01-23,BUY_EXTRA_1,TQQQ,2.0,5.0669,-5.52,,,,
2019-02-04,2019-02-05,SELL_EXTRAS,TQQQ,1.0,5.8913,,,,2.0,extra shares profit >= 12%
2019-03-04,2019-03-05,RESET_ON_ROTATION,,,8.2275,,TQQQ,SOXL,1.0,
2019-03-07,2019-03-08,BUY_EXTRA_1,SOXL,2.0,7.5468,-8.12,,,,
2019-03-15,2019-03-18,SELL_EXTRAS,SOXL,1.0,8.7817,,,,2.0,extra shares profit >= 12%
2019-03-22,2019-03-25,BUY_EXTRA_1,SOXL,2.0,8.6219,-8.51,,,,
2019-04-03,2019-04-04,SELL_EXTRAS,SOXL,1.0,10.2073,,,,2.0,extra shares profit >= 12%
2019-04-25,2019-04-26,BUY_EXTRA_1,SOXL,2.0,11.8853,-5.44,,,,
2019-05-07,2019-05-08,BUY_EXTRA_2,SOXL,3.0,10.69,-15.04,,,,
2019-05-10,2019-05-13,SELL_EXTRAS,SOXL,1.0,8.8802,,,,3.0,extra shares max holding days 10
2019-05-13,2019-05-14,BUY_EXTRA_1,SOXL,2.0,9.5158,-31.12,,,,
2019-05-14,2019-05-15,BUY_EXTRA_2,SOXL,3.0,9.7491,-26.19,,,,
2019-05-24,2019-05-28,RESET_ON_ROTATION,,,6.8694,,SOXL,SOXL,3.0,
2019-06-04,2019-06-05,RESET_ON_ROTATION,,,6.1989,,SOXL,TQQQ,1.0,
2019-06-25,2019-06-26,BUY_EXTRA_1,TQQQ,2.0,7.2623,-5.58,,,,
2019-07-11,2019-07-12,SELL_EXTRAS,TQQQ,1.0,8.1741,,,,2.0,extra shares max holding days 10
2019-07-31,2019-08-01,BUY_EXTRA_1,TQQQ,2.0,7.7194,-6.38,,,,
2019-08-05,2019-08-06,BUY_EXTRA_2,TQQQ,3.0,6.8637,-21.16,,,,
2019-08-15,2019-08-16,SELL_EXTRAS,TQQQ,1.0,7.0379,,,,3.0,extra shares max holding days 10
2019-08-16,2019-08-19,BUY_EXTRA_1,TQQQ,2.0,7.3674,-15.84,,,,
2019-08-23,2019-08-26,BUY_EXTRA_2,TQQQ,3.0,6.927,-20.39,,,,
2019-09-03,2019-09-04,SELL_EXTRAS,TQQQ,1.0,7.3041,,,,3.0,extra shares max holding days 10
2019-09-04,2019-09-05,RESET_ON_ROTATION,,,11.1816,,TQQQ,SOXL,1.0,
2019-09-20,2019-09-23,BUY_EXTRA_1,SOXL,2.0,11.4351,-8.73,,,,
2019-10-02,2019-10-03,BUY_EXTRA_2,SOXL,3.0,10.6907,-16.34,,,,
2019-10-07,2019-10-08,SELL_EXTRAS,SOXL,1.0,10.0008,,,,3.0,extra shares max holding days 10
2019-10-08,2019-10-09,BUY_EXTRA_1,SOXL,2.0,10.505,-17.74,,,,
2019-10-15,2019-10-16,SELL_EXTRAS,SOXL,1.0,11.7564,,,,2.0,extra shares profit >= 12%
2019-10-18,2019-10-21,BUY_EXTRA_1,SOXL,2.0,12.1361,-6.57,,,,
2019-11-01,2019-11-04,SELL_EXTRAS,SOXL,1.0,14.559,,,,2.0,extra shares profit >= 12%
2019-11-04,2019-11-05,RESET_ON_ROTATION,,,8.6563,,SOXL,TQQQ,1.0,
2019-12-03,2019-12-04,RESET_ON_ROTATION,,,13.6364,,TQQQ,SOXL,1.0,
2020-01-03,2020-01-06,RESET_ON_ROTATION,,,10.7512,,SOXL,TQQQ,1.0,
2020-01-27,2020-01-28,BUY_EXTRA_1,TQQQ,2.0,11.5845,-8.61,,,,
2020-02-10,2020-02-11,SELL_EXTRAS,TQQQ,1.0,13.2476,,,,2.0,extra shares profit >= 12%
2020-02-21,2020-02-24,BUY_EXTRA_1,TQQQ,2.0,11.4233,-8.4,,,,
2020-02-24,2020-02-25,BUY_EXTRA_2,TQQQ,3.0,10.4993,-18.96,,,,
2020-02-28,2020-03-02,RESET_ON_ROTATION,,,10.4479,,TQQQ,TQQQ,3.0,
2020-03-03,2020-03-04,BUY_EXTRA_1,TQQQ,2.0,10.6127,-9.42,,,,
2020-03-09,2020-03-10,BUY_EXTRA_2,TQQQ,3.0,8.4481,-31.12,,,,
2020-03-10,2020-03-11,RESET_ON_ROTATION,,,7.3617,,TQQQ,TQQQ,3.0,
2020-03-12,2020-03-13,RESET_ON_ROTATION,,,6.7862,,TQQQ,TQQQ,1.0,
2020-03-16,2020-03-17,BUY_EXTRA_1,TQQQ,2.0,5.172,-34.47,,,,
2020-03-17,2020-03-18,RESET_ON_ROTATION,,,4.6933,,TQQQ,TQQQ,2.0,
2020-03-20,2020-03-23,BUY_EXTRA_1,TQQQ,2.0,4.2527,-11.71,,,,
2020-03-23,2020-03-24,RESET_ON_ROTATION,,,5.2007,,TQQQ,TQQQ,2.0,
2020-03-27,2020-03-30,BUY_EXTRA_1,TQQQ,2.0,5.8502,-10.39,,,,
2020-04-01,2020-04-02,BUY_EXTRA_2,TQQQ,3.0,5.2771,-15.66,,,,
2020-04-08,2020-04-09,SELL_EXTRAS,TQQQ,1.0,6.5271,,,,3.0,extra shares profit >= 12%
2020-04-21,2020-04-22,BUY_EXTRA_1,TQQQ,2.0,7.4631,-13.94,,,,
2020-05-06,2020-05-07,SELL_EXTRAS,TQQQ,1.0,8.583,,,,2.0,extra shares max holding days 10
2020-05-12,2020-05-13,BUY_EXTRA_1,TQQQ,2.0,8.281,-5.95,,,,
2020-05-20,2020-05-21,SELL_EXTRAS,TQQQ,1.0,9.3734,,,,2.0,extra shares profit >= 12%
2020-06-11,2020-06-12,BUY_EXTRA_1,TQQQ,2.0,10.1244,-14.72,,,,
2020-06-22,2020-06-23,SELL_EXTRAS,TQQQ,1.0,11.9152,,,,2.0,extra shares profit >= 12%
2020-06-24,2020-06-25,BUY_EXTRA_1,TQQQ,2.0,11.5105,-5.89,,,,
2020-07-02,2020-07-06,RESET_ON_ROTATION,,,13.0614,,TQQQ,SOXL,2.0,
2020-07-13,2020-07-14,BUY_EXTRA_1,SOXL,2.0,13.49,-5.94,,,,
2020-07-28,2020-07-29,SELL_EXTRAS,SOXL,1.0,14.0705,,,,2.0,extra shares max holding days 10
2020-08-04,2020-08-05,RESET_ON_ROTATION,,,15.0958,,SOXL,TQQQ,1.0,
2020-08-11,2020-08-12,BUY_EXTRA_1,TQQQ,2.0,15.1639,-9.99,,,,
2020-08-24,2020-08-25,SELL_EXTRAS,TQQQ,1.0,17.5863,,,,2.0,extra shares profit >= 12%
2020-09-02,2020-09-03,RESET_ON_ROTATION,,,16.483,,TQQQ,SOXL,1.0,
2020-09-08,2020-09-09,RESET_ON_ROTATION,,,14.8805,,SOXL,SOXL,1.0,
2020-09-18,2020-09-21,BUY_EXTRA_1,SOXL,2.0,14.5541,-7.95,,,,
2020-09-29,2020-09-30,SELL_EXTRAS,SOXL,1.0,16.3673,,,,2.0,extra shares profit >= 12%
2020-10-02,2020-10-05,RESET_ON_ROTATION,,,15.9578,,SOXL,TQQQ,1.0,
2020-10-06,2020-10-07,BUY_EXTRA_1,TQQQ,2.0,15.8945,-5.37,,,,
2020-10-12,2020-10-13,SELL_EXTRAS,TQQQ,1.0,18.4197,,,,2.0,extra shares profit >= 12%
2020-10-16,2020-10-19,BUY_EXTRA_1,TQQQ,2.0,16.4628,-5.95,,,,
2020-10-28,2020-10-29,BUY_EXTRA_2,TQQQ,3.0,15.0707,-22.14,,,,
2020-10-29,2020-10-30,RESET_ON_ROTATION,,,14.0225,,TQQQ,TQQQ,3.0,
2020-11-03,2020-11-04,RESET_ON_ROTATION,,,19.1412,,TQQQ,SOXL,1.0,
2020-11-10,2020-11-11,BUY_EXTRA_1,SOXL,2.0,22.1123,-12.47,,,,
2020-11-25,2020-11-27,SELL_EXTRAS,SOXL,1.0,25.2928,,,,2.0,extra shares max holding days 10
2020-12-09,2020-12-10,BUY_EXTRA_1,SOXL,2.0,28.2852,-8.55,,,,
2020-12-24,2020-12-28,SELL_EXTRAS,SOXL,1.0,28.5942,,,,2.0,extra shares max holding days 10
2020-12-28,2020-12-29,BUY_EXTRA_1,SOXL,2.0,28.3744,-7.73,,,,
2021-01-07,2021-01-08,SELL_EXTRAS,SOXL,1.0,34.7051,,,,2.0,extra shares profit >= 12%
2021-01-15,2021-01-19,BUY_EXTRA_1,SOXL,2.0,40.4074,-6.35,,,,
2021-01-27,2021-01-28,BUY_EXTRA_2,SOXL,3.0,34.0722,-23.2,,,,
2021-02-02,2021-02-03,SELL_EXTRAS,SOXL,1.0,35.5256,,,,3.0,extra shares max holding days 10
2021-02-03,2021-02-04,BUY_EXTRA_1,SOXL,2.0,36.4035,-15.12,,,,
2021-02-11,2021-02-12,SELL_EXTRAS,SOXL,1.0,44.3887,,,,2.0,extra shares profit >= 12%
2021-02-17,2021-02-18,BUY_EXTRA_1,SOXL,2.0,41.3953,-5.52,,,,
2021-02-25,2021-02-26,BUY_EXTRA_2,SOXL,3.0,37.5408,-22.25,,,,
2021-03-04,2021-03-05,SELL_EXTRAS,SOXL,1.0,31.7602,,,,3.0,extra shares max holding days 10
2021-03-05,2021-03-08,BUY_EXTRA_1,SOXL,2.0,26.6883,-29.69,,,,
2021-03-08,2021-03-09,BUY_EXTRA_2,SOXL,3.0,31.4693,-40.92,,,,
2021-03-11,2021-03-12,SELL_EXTRAS,SOXL,1.0,32.41,,,,3.0,extra shares profit >= 12%
2021-03-12,2021-03-15,BUY_EXTRA_1,SOXL,2.0,34.495,-28.26,,,,
2021-03-15,2021-03-16,BUY_EXTRA_2,SOXL,3.0,35.8624,-23.64,,,,
2021-03-29,2021-03-30,SELL_EXTRAS,SOXL,1.0,34.4614,,,,3.0,extra shares max holding days 10
2021-03-30,2021-03-31,BUY_EXTRA_1,SOXL,2.0,37.0713,-23.71,,,,
2021-03-31,2021-04-01,BUY_EXTRA_2,SOXL,3.0,41.1461,-17.94,,,,
2021-04-05,2021-04-06,RESET_ON_ROTATION,,,24.2173,,SOXL,TQQQ,3.0,
2021-04-22,2021-04-23,BUY_EXTRA_1,TQQQ,2.0,26.0416,-6.0,,,,
2021-05-07,2021-05-10,SELL_EXTRAS,TQQQ,1.0,22.9231,,,,2.0,extra shares max holding days 10
2021-05-10,2021-05-11,BUY_EXTRA_1,TQQQ,2.0,22.8085,-14.14,,,,
2021-05-12,2021-05-13,BUY_EXTRA_2,TQQQ,3.0,21.5167,-21.07,,,,
2021-05-25,2021-05-26,SELL_EXTRAS,TQQQ,1.0,24.5468,,,,3.0,extra shares max holding days 10
2021-05-26,2021-05-27,BUY_EXTRA_1,TQQQ,2.0,24.2603,-8.06,,,,
2021-06-11,2021-06-14,SELL_EXTRAS,TQQQ,1.0,26.8105,,,,2.0,extra shares max holding days 10
2021-07-19,2021-07-20,BUY_EXTRA_1,TQQQ,2.0,30.2203,-6.77,,,,
2021-08-03,2021-08-04,SELL_EXTRAS,TQQQ,1.0,32.398,,,,2.0,extra shares max holding days 10
2021-08-18,2021-08-19,BUY_EXTRA_1,TQQQ,2.0,31.4548,-6.04,,,,
2021-08-30,2021-08-31,SELL_EXTRAS,TQQQ,1.0,35.6956,,,,2.0,extra shares profit >= 12%
2021-09-14,2021-09-15,BUY_EXTRA_1,TQQQ,2.0,35.1392,-5.33,,,,
2021-09-28,2021-09-29,BUY_EXTRA_2,TQQQ,3.0,30.0842,-16.6,,,,
2021-09-29,2021-09-30,SELL_EXTRAS,TQQQ,1.0,29.7451,,,,3.0,extra shares max holding days 10
2021-09-30,2021-10-01,BUY_EXTRA_1,TQQQ,2.0,30.2871,-18.08,,,,
2021-10-01,2021-10-04,BUY_EXTRA_2,TQQQ,3.0,28.4246,-16.59,,,,
2021-10-15,2021-10-18,SELL_EXTRAS,TQQQ,1.0,33.377,,,,3.0,extra shares max holding days 10
2021-10-18,2021-10-19,BUY_EXTRA_1,TQQQ,2.0,34.1101,-8.08,,,,
2021-11-02,2021-11-03,SELL_EXTRAS,TQQQ,1.0,39.1173,,,,2.0,extra shares max holding days 10
2021-11-10,2021-11-11,BUY_EXTRA_1,TQQQ,2.0,38.2911,-6.74,,,,
2021-11-26,2021-11-29,SELL_EXTRAS,TQQQ,1.0,40.7912,,,,2.0,extra shares max holding days 10
2021-11-30,2021-12-01,BUY_EXTRA_1,TQQQ,2.0,37.0351,-7.71,,,,
2021-12-02,2021-12-03,RESET_ON_ROTATION,,,61.0546,,TQQQ,SOXL,2.0,
2021-12-09,2021-12-10,BUY_EXTRA_1,SOXL,2.0,65.5854,-8.46,,,,
2021-12-16,2021-12-17,BUY_EXTRA_2,SOXL,3.0,57.2029,-17.72,,,,
2021-12-27,2021-12-28,SELL_EXTRAS,SOXL,1.0,68.435,,,,3.0,extra shares max holding days 10
2021-12-30,2021-12-31,BUY_EXTRA_1,SOXL,2.0,65.9992,-6.34,,,,
2022-01-07,2022-01-10,BUY_EXTRA_2,SOXL,3.0,58.226,-18.15,,,,
2022-01-14,2022-01-18,SELL_EXTRAS,SOXL,1.0,54.3249,,,,3.0,extra shares max holding days 10
2022-01-18,2022-01-19,BUY_EXTRA_1,SOXL,2.0,49.3174,-23.3,,,,
2022-01-19,2022-01-20,RESET_ON_ROTATION,,,44.6303,,SOXL,SOXL,2.0,
2022-01-24,2022-01-25,RESET_ON_ROTATION,,,39.0017,,SOXL,SOXL,1.0,
2022-01-26,2022-01-27,RESET_ON_ROTATION,,,35.285,,SOXL,SOXL,1.0,
2022-01-28,2022-01-31,RESET_ON_ROTATION,,,43.2619,,SOXL,SOXL,1.0,
2022-02-03,2022-02-04,BUY_EXTRA_1,SOXL,2.0,42.1751,-13.6,,,,
2022-02-09,2022-02-10,SELL_EXTRAS,SOXL,1.0,45.0475,,,,2.0,extra shares profit >= 12%
2022-02-10,2022-02-11,BUY_EXTRA_1,SOXL,2.0,38.371,-9.02,,,,
2022-02-11,2022-02-14,BUY_EXTRA_2,SOXL,3.0,38.4195,-22.5,,,,
2022-02-15,2022-02-16,SELL_EXTRAS,SOXL,1.0,44.737,,,,3.0,extra shares profit >= 12%
2022-02-16,2022-02-17,BUY_EXTRA_1,SOXL,2.0,39.6616,-9.64,,,,
2022-02-17,2022-02-18,BUY_EXTRA_2,SOXL,3.0,38.4583,-19.89,,,,
2022-03-02,2022-03-03,RESET_ON_ROTATION,,,23.9928,,SOXL,TQQQ,3.0,
2022-03-07,2022-03-08,BUY_EXTRA_1,TQQQ,2.0,20.1198,-14.97,,,,
2022-03-08,2022-03-09,RESET_ON_ROTATION,,,22.2736,,TQQQ,TQQQ,2.0,
2022-03-11,2022-03-14,BUY_EXTRA_1,TQQQ,2.0,19.0357,-9.22,,,,
2022-03-16,2022-03-17,SELL_EXTRAS,TQQQ,1.0,23.9069,,,,2.0,extra shares profit >= 12%
2022-03-31,2022-04-01,BUY_EXTRA_1,TQQQ,2.0,27.6653,-7.02,,,,
2022-04-08,2022-04-11,BUY_EXTRA_2,TQQQ,3.0,22.9995,-17.15,,,,
2022-04-18,2022-04-19,SELL_EXTRAS,TQQQ,1.0,23.9546,,,,3.0,extra shares max holding days 10
2022-04-19,2022-04-20,BUY_EXTRA_1,TQQQ,2.0,22.8753,-19.83,,,,
2022-04-20,2022-04-21,BUY_EXTRA_2,TQQQ,3.0,21.5334,-23.45,,,,
2022-05-02,2022-05-03,RESET_ON_ROTATION,,,18.3098,,TQQQ,TQQQ,3.0,
2022-05-05,2022-05-06,BUY_EXTRA_1,TQQQ,2.0,16.5285,-14.9,,,,
2022-05-06,2022-05-09,BUY_EXTRA_2,TQQQ,3.0,14.5753,-17.87,,,,
2022-05-10,2022-05-11,RESET_ON_ROTATION,,,13.7348,,TQQQ,TQQQ,3.0,
2022-05-18,2022-05-19,BUY_EXTRA_1,TQQQ,2.0,13.1712,-14.59,,,,
2022-05-19,2022-05-20,RESET_ON_ROTATION,,,13.0566,,TQQQ,TQQQ,2.0,
2022-05-24,2022-05-25,BUY_EXTRA_1,TQQQ,2.0,13.3623,-6.24,,,,
2022-05-27,2022-05-31,SELL_EXTRAS,TQQQ,1.0,15.7835,,,,2.0,extra shares profit >= 12%
2022-06-03,2022-06-06,BUY_EXTRA_1,TQQQ,2.0,15.5399,-7.91,,,,
2022-06-10,2022-06-13,BUY_EXTRA_2,TQQQ,3.0,11.0222,-23.24,,,,
2022-06-14,2022-06-15,RESET_ON_ROTATION,,,11.8914,,TQQQ,TQQQ,3.0,
2022-06-16,2022-06-17,BUY_EXTRA_1,TQQQ,2.0,10.8264,-12.21,,,,
2022-06-24,2022-06-27,SELL_EXTRAS,TQQQ,1.0,13.0471,,,,2.0,extra shares profit >= 12%
2022-06-28,2022-06-29,BUY_EXTRA_1,TQQQ,2.0,11.8818,-11.26,,,,
2022-07-08,2022-07-11,SELL_EXTRAS,TQQQ,1.0,12.4692,,,,2.0,extra shares profit >= 12%
2022-07-11,2022-07-12,BUY_EXTRA_1,TQQQ,2.0,12.1063,-6.68,,,,
2022-07-19,2022-07-20,SELL_EXTRAS,TQQQ,1.0,14.2744,,,,2.0,extra shares profit >= 12%
2022-07-22,2022-07-25,BUY_EXTRA_1,TQQQ,2.0,13.8924,-5.23,,,,
2022-07-29,2022-08-01,SELL_EXTRAS,TQQQ,1.0,15.9077,,,,2.0,extra shares profit >= 12%
2022-08-09,2022-08-10,BUY_EXTRA_1,TQQQ,2.0,17.4311,-6.69,,,,
2022-08-22,2022-08-23,BUY_EXTRA_2,TQQQ,3.0,15.5017,-16.25,,,,
2022-08-24,2022-08-25,SELL_EXTRAS,TQQQ,1.0,16.4425,,,,3.0,extra shares max holding days 10
2022-08-25,2022-08-26,BUY_EXTRA_1,TQQQ,2.0,14.4416,-11.47,,,,
2022-08-26,2022-08-29,BUY_EXTRA_2,TQQQ,3.0,13.9974,-22.24,,,,
2022-09-12,2022-09-13,SELL_EXTRAS,TQQQ,1.0,12.3403,,,,3.0,extra shares max holding days 10
2022-09-13,2022-09-14,BUY_EXTRA_1,TQQQ,2.0,12.6173,-33.56,,,,
2022-09-14,2022-09-15,BUY_EXTRA_2,TQQQ,3.0,11.9821,-32.06,,,,
2022-09-28,2022-09-29,SELL_EXTRAS,TQQQ,1.0,9.7375,,,,3.0,extra shares max holding days 10
2022-09-29,2022-09-30,BUY_EXTRA_1,TQQQ,2.0,9.2265,-47.57,,,,
2022-09-30,2022-10-03,RESET_ON_ROTATION,,,9.8665,,TQQQ,TQQQ,2.0,
2022-10-07,2022-10-10,BUY_EXTRA_1,TQQQ,2.0,9.0212,-13.64,,,,
2022-10-10,2022-10-11,BUY_EXTRA_2,TQQQ,3.0,8.663,-16.34,,,,
2022-10-24,2022-10-25,SELL_EXTRAS,TQQQ,1.0,10.7691,,,,3.0,extra shares max holding days 10
2022-10-26,2022-10-27,BUY_EXTRA_1,TQQQ,2.0,9.5035,-6.73,,,,
2022-11-02,2022-11-03,BUY_EXTRA_2,TQQQ,3.0,8.1902,-19.4,,,,
2022-11-04,2022-11-07,RESET_ON_ROTATION,,,8.8445,,TQQQ,TQQQ,3.0,
2022-11-09,2022-11-10,BUY_EXTRA_1,TQQQ,2.0,10.2438,-6.98,,,,
2022-11-25,2022-11-28,SELL_EXTRAS,TQQQ,1.0,10.1626,,,,2.0,extra shares max holding days 10
2022-11-28,2022-11-29,BUY_EXTRA_1,TQQQ,2.0,9.919,-7.32,,,,
2022-11-30,2022-12-01,SELL_EXTRAS,TQQQ,1.0,11.3135,,,,2.0,extra shares profit >= 12%
2022-12-05,2022-12-06,BUY_EXTRA_1,TQQQ,2.0,9.9429,-6.16,,,,
2022-12-15,2022-12-16,BUY_EXTRA_2,TQQQ,3.0,9.1024,-17.1,,,,
2022-12-20,2022-12-21,SELL_EXTRAS,TQQQ,1.0,9.0642,,,,3.0,extra shares max holding days 10
2022-12-21,2022-12-22,BUY_EXTRA_1,TQQQ,2.0,8.42,-19.88,,,,
2022-12-22,2022-12-23,BUY_EXTRA_2,TQQQ,3.0,8.444,-25.58,,,,
2023-01-04,2023-01-05,RESET_ON_ROTATION,,,9.3644,,TQQQ,SOXL,3.0,
2023-01-19,2023-01-20,BUY_EXTRA_1,SOXL,2.0,12.5152,-9.88,,,,
2023-01-23,2023-01-24,SELL_EXTRAS,SOXL,1.0,14.1298,,,,2.0,extra shares profit >= 12%
2023-01-30,2023-01-31,BUY_EXTRA_1,SOXL,2.0,14.208,-9.45,,,,
2023-02-01,2023-02-02,SELL_EXTRAS,SOXL,1.0,17.535,,,,2.0,extra shares profit >= 12%
2023-02-03,2023-02-06,BUY_EXTRA_1,SOXL,2.0,15.7541,-5.52,,,,
2023-02-21,2023-02-22,SELL_EXTRAS,SOXL,1.0,13.5329,,,,2.0,extra shares max holding days 10
2023-02-22,2023-02-23,BUY_EXTRA_1,SOXL,2.0,14.756,-22.82,,,,
2023-02-23,2023-02-24,BUY_EXTRA_2,SOXL,3.0,14.0026,-15.85,,,,
2023-03-09,2023-03-10,SELL_EXTRAS,SOXL,1.0,13.7481,,,,3.0,extra shares max holding days 10
2023-03-10,2023-03-13,BUY_EXTRA_1,SOXL,2.0,13.7188,-21.6,,,,
2023-03-13,2023-03-14,BUY_EXTRA_2,SOXL,3.0,14.893,-21.76,,,,
2023-03-16,2023-03-17,SELL_EXTRAS,SOXL,1.0,15.7835,,,,3.0,extra shares profit >= 12%
2023-03-17,2023-03-20,BUY_EXTRA_1,SOXL,2.0,16.2531,-9.99,,,,
2023-04-03,2023-04-04,SELL_EXTRAS,SOXL,1.0,16.454,,,,2.0,extra shares max holding days 10
2023-04-04,2023-04-05,RESET_ON_ROTATION,,,12.9836,,SOXL,TQQQ,1.0,
2023-04-25,2023-04-26,BUY_EXTRA_1,TQQQ,2.0,12.3704,-8.79,,,,
2023-04-26,2023-04-27,RESET_ON_ROTATION,,,13.3699,,TQQQ,TQQQ,2.0,
2023-05-04,2023-05-05,BUY_EXTRA_1,TQQQ,2.0,13.621,-5.91,,,,
2023-05-18,2023-05-19,SELL_EXTRAS,TQQQ,1.0,15.3254,,,,2.0,extra shares profit >= 12%
2023-05-24,2023-05-25,BUY_EXTRA_1,TQQQ,2.0,15.702,-5.43,,,,
2023-06-02,2023-06-05,SELL_EXTRAS,TQQQ,1.0,17.8169,,,,2.0,extra shares profit >= 12%
2023-06-07,2023-06-08,BUY_EXTRA_1,TQQQ,2.0,17.4692,-5.2,,,,
2023-06-15,2023-06-16,SELL_EXTRAS,TQQQ,1.0,19.6999,,,,2.0,extra shares profit >= 12%
2023-06-21,2023-06-22,BUY_EXTRA_1,TQQQ,2.0,19.4426,-6.32,,,,
2023-07-07,2023-07-10,SELL_EXTRAS,TQQQ,1.0,19.3263,,,,2.0,extra shares max holding days 10
2023-07-20,2023-07-21,BUY_EXTRA_1,TQQQ,2.0,20.6777,-7.02,,,,
2023-08-04,2023-08-07,SELL_EXTRAS,TQQQ,1.0,20.421,,,,2.0,extra shares max holding days 10
2023-08-07,2023-08-08,BUY_EXTRA_1,TQQQ,2.0,19.8979,-8.98,,,,
2023-08-11,2023-08-14,BUY_EXTRA_2,TQQQ,3.0,19.5637,-15.61,,,,
2023-08-22,2023-08-23,SELL_EXTRAS,TQQQ,1.0,19.2682,,,,3.0,extra shares max holding days 10
2023-08-23,2023-08-24,BUY_EXTRA_1,TQQQ,2.0,17.9991,-14.12,,,,
2023-08-24,2023-08-25,BUY_EXTRA_2,TQQQ,3.0,18.4254,-19.78,,,,
2023-08-31,2023-09-01,SELL_EXTRAS,TQQQ,1.0,20.484,,,,3.0,extra shares profit >= 12%
2023-09-01,2023-09-05,BUY_EXTRA_1,TQQQ,2.0,20.5372,-8.7,,,,
2023-09-19,2023-09-20,SELL_EXTRAS,TQQQ,1.0,18.3493,,,,2.0,extra shares max holding days 10
2023-09-20,2023-09-21,BUY_EXTRA_1,TQQQ,2.0,17.3043,-18.21,,,,
2023-09-21,2023-09-22,BUY_EXTRA_2,TQQQ,3.0,17.3188,-22.87,,,,
2023-10-05,2023-10-06,SELL_EXTRAS,TQQQ,1.0,18.1549,,,,3.0,extra shares max holding days 10
2023-10-06,2023-10-09,BUY_EXTRA_1,TQQQ,2.0,18.4222,-19.08,,,,
2023-10-09,2023-10-10,BUY_EXTRA_2,TQQQ,3.0,18.7236,-17.89,,,,
2023-10-23,2023-10-24,SELL_EXTRAS,TQQQ,1.0,17.1876,,,,3.0,extra shares max holding days 10
2023-10-24,2023-10-25,BUY_EXTRA_1,TQQQ,2.0,15.9287,-23.39,,,,
2023-10-25,2023-10-26,BUY_EXTRA_2,TQQQ,3.0,15.0003,-29.0,,,,
2023-11-02,2023-11-03,SELL_EXTRAS,TQQQ,1.0,18.2667,,,,3.0,extra shares profit >= 12%
2023-11-03,2023-11-06,BUY_EXTRA_1,TQQQ,2.0,18.4757,-18.58,,,,
2023-11-06,2023-11-07,BUY_EXTRA_2,TQQQ,3.0,18.9958,-17.65,,,,
2023-11-20,2023-11-21,SELL_EXTRAS,TQQQ,1.0,21.3338,,,,3.0,extra shares max holding days 10
2023-12-04,2023-12-05,BUY_EXTRA_1,TQQQ,2.0,21.0422,-6.88,,,,
2023-12-13,2023-12-14,SELL_EXTRAS,TQQQ,1.0,23.6524,,,,2.0,extra shares profit >= 12%
2024-01-02,2024-01-03,BUY_EXTRA_1,TQQQ,2.0,22.7456,-6.62,,,,
2024-01-03,2024-01-04,RESET_ON_ROTATION,,,25.205,,TQQQ,SOXL,2.0,
2024-01-26,2024-01-29,BUY_EXTRA_1,SOXL,2.0,34.5263,-9.11,,,,
2024-02-09,2024-02-12,SELL_EXTRAS,SOXL,1.0,38.5761,,,,2.0,extra shares profit >= 12%
2024-02-13,2024-02-14,BUY_EXTRA_1,SOXL,2.0,38.5465,-6.31,,,,
2024-02-29,2024-03-01,SELL_EXTRAS,SOXL,1.0,47.6215,,,,2.0,extra shares max holding days 10
2024-03-05,2024-03-06,BUY_EXTRA_1,SOXL,2.0,49.4838,-5.89,,,,
2024-03-11,2024-03-12,BUY_EXTRA_2,SOXL,3.0,48.8532,-15.46,,,,
2024-03-20,2024-03-21,SELL_EXTRAS,SOXL,1.0,45.6687,,,,3.0,extra shares max holding days 10
2024-03-21,2024-03-22,BUY_EXTRA_1,SOXL,2.0,45.787,-16.22,,,,
2024-03-22,2024-03-25,BUY_EXTRA_2,SOXL,3.0,45.2545,-16.0,,,,
2024-04-08,2024-04-09,SELL_EXTRAS,SOXL,1.0,44.7614,,,,3.0,extra shares max holding days 10
2024-04-09,2024-04-10,BUY_EXTRA_1,SOXL,2.0,42.4933,-17.88,,,,
2024-04-10,2024-04-11,BUY_EXTRA_2,SOXL,3.0,45.1657,-22.04,,,,
2024-04-24,2024-04-25,SELL_EXTRAS,SOXL,1.0,36.8919,,,,3.0,extra shares max holding days 10
2024-04-25,2024-04-26,BUY_EXTRA_1,SOXL,2.0,39.2488,-32.32,,,,
2024-04-26,2024-04-29,BUY_EXTRA_2,SOXL,3.0,40.0476,-28.0,,,,
2024-05-10,2024-05-13,SELL_EXTRAS,SOXL,1.0,40.6985,,,,3.0,extra shares max holding days 10
2024-05-13,2024-05-14,BUY_EXTRA_1,SOXL,2.0,42.6116,-25.34,,,,
2024-05-14,2024-05-15,BUY_EXTRA_2,SOXL,3.0,46.3491,-21.83,,,,
2024-05-24,2024-05-28,SELL_EXTRAS,SOXL,1.0,53.2916,,,,3.0,extra shares profit >= 12%
2024-05-29,2024-05-30,BUY_EXTRA_1,SOXL,2.0,49.3076,-7.77,,,,
2024-06-04,2024-06-05,RESET_ON_ROTATION,,,33.0485,,SOXL,TQQQ,2.0,
2024-06-24,2024-06-25,BUY_EXTRA_1,TQQQ,2.0,36.395,-6.53,,,,
2024-07-10,2024-07-11,SELL_EXTRAS,TQQQ,1.0,39.0278,,,,2.0,extra shares max holding days 10
2024-07-11,2024-07-12,BUY_EXTRA_1,TQQQ,2.0,39.6623,-6.57,,,,
2024-07-19,2024-07-22,BUY_EXTRA_2,TQQQ,3.0,36.4752,-16.33,,,,
2024-07-26,2024-07-29,SELL_EXTRAS,TQQQ,1.0,32.1961,,,,3.0,extra shares max holding days 10
2024-07-29,2024-07-30,BUY_EXTRA_1,TQQQ,2.0,30.8829,-22.92,,,,
2024-07-30,2024-07-31,BUY_EXTRA_2,TQQQ,3.0,33.5831,-26.07,,,,
2024-08-06,2024-08-07,RESET_ON_ROTATION,,,26.1612,,TQQQ,TQQQ,3.0,
2024-08-28,2024-08-29,BUY_EXTRA_1,TQQQ,2.0,32.6339,-7.14,,,,
2024-09-06,2024-09-09,BUY_EXTRA_2,TQQQ,3.0,29.0729,-20.66,,,,
2024-09-13,2024-09-16,SELL_EXTRAS,TQQQ,1.0,32.6831,,,,3.0,extra shares max holding days 10
2024-09-16,2024-09-17,BUY_EXTRA_1,TQQQ,2.0,32.7027,-7.49,,,,
2024-10-01,2024-10-02,SELL_EXTRAS,TQQQ,1.0,34.3821,,,,2.0,extra shares max holding days 10
2024-10-03,2024-10-04,BUY_EXTRA_1,TQQQ,2.0,35.512,-5.01,,,,
2024-10-18,2024-10-21,SELL_EXTRAS,TQQQ,1.0,37.0318,,,,2.0,extra shares max holding days 10
2024-10-23,2024-10-24,BUY_EXTRA_1,TQQQ,2.0,36.267,-5.79,,,,
2024-11-07,2024-11-08,SELL_EXTRAS,TQQQ,1.0,40.8312,,,,2.0,extra shares max holding days 10
2024-11-15,2024-11-18,BUY_EXTRA_1,TQQQ,2.0,37.387,-10.25,,,,
2024-12-03,2024-12-04,SELL_EXTRAS,TQQQ,1.0,42.5582,,,,2.0,extra shares max holding days 10
2024-12-18,2024-12-19,BUY_EXTRA_1,TQQQ,2.0,39.9331,-12.01,,,,
2025-01-02,2025-01-03,BUY_EXTRA_2,TQQQ,3.0,40.7936,-15.43,,,,
2025-01-06,2025-01-07,SELL_EXTRAS,TQQQ,1.0,39.9124,,,,3.0,extra shares max holding days 10
2025-01-07,2025-01-08,BUY_EXTRA_1,TQQQ,2.0,39.9421,-13.29,,,,
2025-01-10,2025-01-13,BUY_EXTRA_2,TQQQ,3.0,37.64,-17.37,,,,
2025-01-22,2025-01-23,SELL_EXTRAS,TQQQ,1.0,43.7343,,,,3.0,extra shares profit >= 12%
2025-01-24,2025-01-27,BUY_EXTRA_1,TQQQ,2.0,39.1797,-6.7,,,,
2025-02-10,2025-02-11,SELL_EXTRAS,TQQQ,1.0,42.0956,,,,2.0,extra shares max holding days 10
2025-02-11,2025-02-12,BUY_EXTRA_1,TQQQ,2.0,42.1798,-8.55,,,,
2025-02-25,2025-02-26,BUY_EXTRA_2,TQQQ,3.0,38.6747,-16.52,,,,
2025-02-27,2025-02-28,SELL_EXTRAS,TQQQ,1.0,37.0905,,,,3.0,extra shares max holding days 10
2025-02-28,2025-03-03,BUY_EXTRA_1,TQQQ,2.0,34.6944,-19.42,,,,
2025-03-03,2025-03-04,BUY_EXTRA_2,TQQQ,3.0,34.3132,-24.63,,,,
2025-03-17,2025-03-18,SELL_EXTRAS,TQQQ,1.0,29.6595,,,,3.0,extra shares max holding days 10
2025-03-18,2025-03-19,BUY_EXTRA_1,TQQQ,2.0,30.813,-35.57,,,,
2025-03-19,2025-03-20,BUY_EXTRA_2,TQQQ,3.0,30.4962,-33.06,,,,
2025-04-02,2025-04-03,SELL_EXTRAS,TQQQ,1.0,24.9754,,,,3.0,extra shares max holding days 10
2025-04-03,2025-04-04,BUY_EXTRA_1,TQQQ,2.0,20.4024,-45.74,,,,
2025-04-04,2025-04-07,BUY_EXTRA_2,TQQQ,3.0,20.4818,-55.68,,,,
2025-04-07,2025-04-08,RESET_ON_ROTATION,,,19.315,,TQQQ,TQQQ,3.0,
2025-04-10,2025-04-11,BUY_EXTRA_1,TQQQ,2.0,24.1214,-12.3,,,,
2025-04-21,2025-04-22,BUY_EXTRA_2,TQQQ,3.0,22.3736,-20.43,,,,
2025-04-25,2025-04-28,SELL_EXTRAS,TQQQ,1.0,26.7232,,,,3.0,extra shares profit >= 12%
2025-05-21,2025-05-22,BUY_EXTRA_1,TQQQ,2.0,33.9079,-5.16,,,,
2025-06-06,2025-06-09,SELL_EXTRAS,TQQQ,1.0,37.0112,,,,2.0,extra shares max holding days 10
2025-08-01,2025-08-04,BUY_EXTRA_1,TQQQ,2.0,43.5479,-7.65,,,,
2025-08-04,2025-08-05,RESET_ON_ROTATION,,,24.5129,,TQQQ,SOXL,2.0,
2025-08-15,2025-08-18,BUY_EXTRA_1,SOXL,2.0,27.522,-6.97,,,,
2025-09-02,2025-09-03,SELL_EXTRAS,SOXL,1.0,24.9028,,,,2.0,extra shares max holding days 10
2025-09-03,2025-09-04,BUY_EXTRA_1,SOXL,2.0,25.6425,-15.33,,,,
2025-09-11,2025-09-12,SELL_EXTRAS,SOXL,1.0,29.2915,,,,2.0,extra shares profit >= 12%
2025-10-02,2025-10-03,RESET_ON_ROTATION,,,52.1819,,SOXL,TQQQ,1.0,
2025-10-10,2025-10-13,BUY_EXTRA_1,TQQQ,2.0,51.4492,-10.85,,,,
2025-10-27,2025-10-28,SELL_EXTRAS,TQQQ,1.0,59.3538,,,,2.0,extra shares max holding days 10
2025-11-04,2025-11-05,RESET_ON_ROTATION,,,56.4382,,TQQQ,TQQQ,1.0,
2025-11-06,2025-11-07,RESET_ON_ROTATION,,,41.74,,TQQQ,SOXL,1.0,
2025-11-10,2025-11-11,RESET_ON_ROTATION,,,41.81,,SOXL,SOXL,1.0,
2025-11-13,2025-11-14,BUY_EXTRA_1,SOXL,2.0,38.86,-10.27,,,,
2025-11-14,2025-11-17,RESET_ON_ROTATION,,,36.84,,SOXL,SOXL,2.0,
2025-11-18,2025-11-19,BUY_EXTRA_1,SOXL,2.0,35.96,-6.76,,,,
2025-11-19,2025-11-20,RESET_ON_ROTATION,,,30.81,,SOXL,SOXL,2.0,
2025-11-21,2025-11-24,RESET_ON_ROTATION,,,35.86,,SOXL,SOXL,1.0,
2025-12-12,2025-12-15,BUY_EXTRA_1,SOXL,2.0,41.18,-15.99,,,,
2025-12-15,2025-12-16,BUY_EXTRA_2,SOXL,3.0,40.49,-17.06,,,,
2025-12-30,2025-12-31,SELL_EXTRAS,SOXL,1.0,42.03,,,,3.0,extra shares max holding days 10
2025-12-31,2026-01-02,BUY_EXTRA_1,SOXL,2.0,47.24,-15.35,,,,
2026-01-06,2026-01-07,SELL_EXTRAS,SOXL,1.0,52.29,,,,2.0,extra shares profit >= 12%
2026-01-08,2026-01-09,BUY_EXTRA_1,SOXL,2.0,53.95,-8.07,,,,
2026-01-16,2026-01-20,SELL_EXTRAS,SOXL,1.0,57.94,,,,2.0,extra shares profit >= 12%
2026-01-30,2026-02-02,BUY_EXTRA_1,SOXL,2.0,65.2,-12.32,,,,
2026-02-04,2026-02-05,BUY_EXTRA_2,SOXL,3.0,53.25,-24.52,,,,
2026-02-11,2026-02-12,SELL_EXTRAS,SOXL,1.0,63.1,,,,3.0,extra shares profit >= 12%
2026-02-12,2026-02-13,BUY_EXTRA_1,SOXL,2.0,64.59,-10.46,,,,
2026-03-02,2026-03-03,SELL_EXTRAS,SOXL,1.0,53.42,,,,2.0,extra shares max holding days 10
2026-03-03,2026-03-04,BUY_EXTRA_1,SOXL,2.0,56.62,-25.66,,,,
2026-03-04,2026-03-05,BUY_EXTRA_2,SOXL,3.0,54.8,-21.21,,,,
2026-03-18,2026-03-19,SELL_EXTRAS,SOXL,1.0,54.85,,,,3.0,extra shares max holding days 10
2026-03-19,2026-03-20,BUY_EXTRA_1,SOXL,2.0,51.14,-23.67,,,,
2026-03-20,2026-03-23,BUY_EXTRA_2,SOXL,3.0,53.03,-28.83,,,,
2026-04-06,2026-04-07,SELL_EXTRAS,SOXL,1.0,56.55,,,,3.0,extra shares max holding days 10
2026-04-07,2026-04-08,BUY_EXTRA_1,SOXL,2.0,67.5,-21.31,,,,
2026-04-10,2026-04-13,SELL_EXTRAS,SOXL,1.0,80.56,,,,2.0,extra shares profit >= 12%
2026-04-28,2026-04-29,BUY_EXTRA_1,SOXL,2.0,117.97,-14.62,,,,
2026-05-05,2026-05-06,SELL_EXTRAS,SOXL,1.0,165.85,,,,2.0,extra shares profit >= 12%
2026-05-07,2026-05-08,BUY_EXTRA_1,SOXL,2.0,176.94,-8.29,,,,
2026-05-18,2026-05-19,BUY_EXTRA_2,SOXL,3.0,151.89,-20.31,,,,
