date,action,from_symbol,to_symbol,exposure,regime,discount_to_sma_pct
2011-02-03,ENTER_SOXL,CASH,SOXL,1.0,RISK_ON,
2011-04-01,ROTATE,SOXL,TQQQ,1.0,RISK_ON,
2011-06-06,EXIT_TO_CASH,TQQQ,CASH,0.0,CASH,8.6
2011-07-01,ENTER_TQQQ,CASH,TQQQ,1.0,RISK_ON,7.94
2011-08-03,EXIT_TO_CASH,TQQQ,CASH,0.0,CASH,-1.76
2011-08-09,ENTER_TQQQ,CASH,TQQQ,0.5,DEEP_DCA,-29.93
2011-08-10,EXIT_TO_CASH,TQQQ,CASH,0.0,CASH,-20.33
2011-08-11,ENTER_TQQQ,CASH,TQQQ,0.5,DEEP_DCA,-29.69
2011-08-12,EXIT_TO_CASH,TQQQ,CASH,0.0,CASH,-20.66
2011-08-19,ENTER_TQQQ,CASH,TQQQ,0.5,DEEP_DCA,-30.41
2011-08-25,EXIT_TO_CASH,TQQQ,CASH,0.0,CASH,-23.49
2011-08-26,ENTER_TQQQ,CASH,TQQQ,0.5,DEEP_DCA,-27.11
2011-08-29,EXIT_TO_CASH,TQQQ,CASH,0.0,CASH,-21.8
2011-10-03,ENTER_TQQQ,CASH,TQQQ,0.5,DEEP_DCA,-25.22
2011-10-06,EXIT_TO_CASH,TQQQ,CASH,0.0,CASH,-21.09
2011-10-17,ENTER_TQQQ,CASH,TQQQ,1.0,RISK_ON,0.89
2011-10-18,EXIT_TO_CASH,TQQQ,CASH,0.0,CASH,-3.79
2011-10-19,ENTER_TQQQ,CASH,TQQQ,1.0,RISK_ON,-0.31
2011-10-20,EXIT_TO_CASH,TQQQ,CASH,0.0,CASH,-6.04
2011-10-25,ENTER_TQQQ,CASH,TQQQ,1.0,RISK_ON,2.13
2011-10-26,EXIT_TO_CASH,TQQQ,CASH,0.0,CASH,-3.64
2011-10-28,ENTER_TQQQ,CASH,TQQQ,1.0,RISK_ON,3.76
2011-11-02,EXIT_TO_CASH,TQQQ,CASH,0.0,CASH,-8.6
2011-11-04,ENTER_TQQQ,CASH,TQQQ,1.0,RISK_ON,-0.57
2011-11-10,EXIT_TO_CASH,TQQQ,CASH,0.0,CASH,-7.2
2011-11-16,ENTER_TQQQ,CASH,TQQQ,1.0,RISK_ON,-0.8
2011-11-17,EXIT_TO_CASH,TQQQ,CASH,0.0,CASH,-5.63
2012-01-06,ENTER_TQQQ,CASH,TQQQ,1.0,RISK_ON,-1.38
2012-05-18,EXIT_TO_CASH,TQQQ,CASH,0.0,CASH,6.53
2012-05-22,ENTER_TQQQ,CASH,TQQQ,1.0,RISK_ON,10.66
2012-06-01,EXIT_TO_CASH,TQQQ,CASH,0.0,CASH,6.68
2012-06-07,ENTER_TQQQ,CASH,TQQQ,1.0,RISK_ON,8.04
2012-06-08,EXIT_TO_CASH,TQQQ,CASH,0.0,CASH,6.59
2012-06-11,ENTER_TQQQ,CASH,TQQQ,1.0,RISK_ON,9.5
2012-06-12,EXIT_TO_CASH,TQQQ,CASH,0.0,CASH,4.09
2012-06-18,ENTER_TQQQ,CASH,TQQQ,1.0,RISK_ON,9.65
2012-06-26,EXIT_TO_CASH,TQQQ,CASH,0.0,CASH,3.5
2012-07-02,ENTER_TQQQ,CASH,TQQQ,1.0,RISK_ON,12.94
2012-07-12,EXIT_TO_CASH,TQQQ,CASH,0.0,CASH,5.83
2012-07-19,ENTER_TQQQ,CASH,TQQQ,1.0,RISK_ON,11.5
2012-07-24,EXIT_TO_CASH,TQQQ,CASH,0.0,CASH,5.88
2012-07-30,ENTER_TQQQ,CASH,TQQQ,1.0,RISK_ON,12.37
2012-10-22,EXIT_TO_CASH,TQQQ,CASH,0.0,CASH,0.63
2012-12-19,ENTER_TQQQ,CASH,TQQQ,1.0,RISK_ON,1.5
2012-12-24,EXIT_TO_CASH,TQQQ,CASH,0.0,CASH,-3.06
2013-01-03,ENTER_TQQQ,CASH,TQQQ,1.0,RISK_ON,5.73
2013-02-01,ROTATE,TQQQ,SOXL,1.0,RISK_ON,18.29
2013-05-01,ROTATE,SOXL,TQQQ,1.0,RISK_ON,16.12
2013-07-01,ROTATE,TQQQ,SOXL,1.0,RISK_ON,37.72
2013-08-28,EXIT_TO_CASH,SOXL,CASH,0.0,CASH,8.36
2013-08-29,ENTER_SOXL,CASH,SOXL,1.0,RISK_ON,11.66
2013-09-03,ROTATE,SOXL,TQQQ,1.0,RISK_ON,22.45
2014-03-03,ROTATE,TQQQ,SOXL,1.0,RISK_ON,42.11
2014-04-14,EXIT_TO_CASH,SOXL,CASH,0.0,CASH,24.87
2014-04-17,ENTER_SOXL,CASH,SOXL,1.0,RISK_ON,28.63
2014-08-01,ROTATE,SOXL,TQQQ,1.0,RISK_ON,22.86
2014-10-14,EXIT_TO_CASH,TQQQ,CASH,0.0,CASH,1.39
2014-10-21,ENTER_TQQQ,CASH,TQQQ,1.0,RISK_ON,5.67
2015-02-02,EXIT_TO_CASH,TQQQ,CASH,0.0,CASH,4.47
2015-02-04,ENTER_SOXL,CASH,SOXL,1.0,RISK_ON,10.75
2015-04-01,ROTATE,SOXL,TQQQ,1.0,RISK_ON,13.18
2015-06-30,EXIT_TO_CASH,TQQQ,CASH,0.0,CASH,4.45
2015-07-02,ENTER_TQQQ,CASH,TQQQ,1.0,RISK_ON,7.59
2015-07-09,EXIT_TO_CASH,TQQQ,CASH,0.0,CASH,1.87
2015-07-13,ENTER_TQQQ,CASH,TQQQ,1.0,RISK_ON,6.1
2015-08-21,EXIT_TO_CASH,TQQQ,CASH,0.0,CASH,-1.58
2015-10-23,ENTER_TQQQ,CASH,TQQQ,1.0,RISK_ON,2.55
2015-11-16,EXIT_TO_CASH,TQQQ,CASH,0.0,CASH,0.36
2015-11-17,ENTER_TQQQ,CASH,TQQQ,1.0,RISK_ON,4.45
2015-12-21,EXIT_TO_CASH,TQQQ,CASH,0.0,CASH,-0.99
2015-12-22,ENTER_TQQQ,CASH,TQQQ,1.0,RISK_ON,1.94
2016-01-05,EXIT_TO_CASH,TQQQ,CASH,0.0,CASH,-2.73
2016-01-21,ENTER_TQQQ,CASH,TQQQ,0.5,DEEP_DCA,-25.03
2016-01-22,EXIT_TO_CASH,TQQQ,CASH,0.0,CASH,-24.68
2016-01-28,ENTER_TQQQ,CASH,TQQQ,0.5,DEEP_DCA,-25.33
2016-01-29,EXIT_TO_CASH,TQQQ,CASH,0.0,CASH,-22.3
2016-02-08,ENTER_TQQQ,CASH,TQQQ,0.5,DEEP_DCA,-30.73
2016-02-18,EXIT_TO_CASH,TQQQ,CASH,0.0,CASH,-20.58
2016-03-22,ENTER_SOXL,CASH,SOXL,1.0,RISK_ON,6.88
2016-04-29,EXIT_TO_CASH,SOXL,CASH,0.0,CASH,3.97
2016-05-26,ENTER_SOXL,CASH,SOXL,1.0,RISK_ON,18.2
2016-06-20,EXIT_TO_CASH,SOXL,CASH,0.0,CASH,15.17
2016-06-24,ENTER_SOXL,CASH,SOXL,1.0,RISK_ON,28.24
2016-06-27,EXIT_TO_CASH,SOXL,CASH,0.0,CASH,6.5
2016-07-05,ENTER_SOXL,CASH,SOXL,1.0,RISK_ON,9.28
2017-04-03,ROTATE,SOXL,TQQQ,1.0,RISK_ON,33.74
2017-08-01,ROTATE,TQQQ,SOXL,1.0,RISK_ON,30.77
2017-09-01,ROTATE,SOXL,TQQQ,1.0,RISK_ON,29.68
2017-11-01,ROTATE,TQQQ,SOXL,1.0,RISK_ON,64.16
2018-01-02,ROTATE,SOXL,TQQQ,1.0,RISK_ON,24.24
2018-03-29,EXIT_TO_CASH,TQQQ,CASH,0.0,CASH,3.42
2018-04-02,ENTER_SOXL,CASH,SOXL,1.0,RISK_ON,15.82
2018-04-03,EXIT_TO_CASH,SOXL,CASH,0.0,CASH,2.25
2018-04-05,ENTER_SOXL,CASH,SOXL,1.0,RISK_ON,11.76
2018-04-06,EXIT_TO_CASH,SOXL,CASH,0.0,CASH,8.12
2018-04-13,ENTER_SOXL,CASH,SOXL,1.0,RISK_ON,14.92
2018-04-20,EXIT_TO_CASH,SOXL,CASH,0.0,CASH,-0.56
2018-05-02,ENTER_TQQQ,CASH,TQQQ,1.0,RISK_ON,8.18
2018-05-03,EXIT_TO_CASH,TQQQ,CASH,0.0,CASH,6.15
2018-05-07,ENTER_TQQQ,CASH,TQQQ,1.0,RISK_ON,11.81
2018-10-11,EXIT_TO_CASH,TQQQ,CASH,0.0,CASH,-4.22
2018-10-17,ENTER_TQQQ,CASH,TQQQ,1.0,RISK_ON,3.8
2018-10-19,EXIT_TO_CASH,TQQQ,CASH,0.0,CASH,-3.24
2018-11-21,ENTER_TQQQ,CASH,TQQQ,0.5,DEEP_DCA,-27.0
2018-11-27,EXIT_TO_CASH,TQQQ,CASH,0.0,CASH,-21.96
2018-12-03,ENTER_SOXL,CASH,SOXL,0.5,DEEP_DCA,-27.4
2018-12-04,EXIT_TO_CASH,SOXL,CASH,0.0,CASH,-21.43
2018-12-06,ENTER_SOXL,CASH,SOXL,0.5,DEEP_DCA,-32.75
2019-01-02,ROTATE,SOXL,TQQQ,0.5,DEEP_DCA,-34.41
2019-01-07,EXIT_TO_CASH,TQQQ,CASH,0.0,CASH,-31.87
2019-01-08,ENTER_TQQQ,CASH,TQQQ,0.5,DEEP_DCA,-29.6
2019-01-11,EXIT_TO_CASH,TQQQ,CASH,0.0,CASH,-24.97
2019-01-14,ENTER_TQQQ,CASH,TQQQ,0.5,DEEP_DCA,-25.83
2019-01-16,EXIT_TO_CASH,TQQQ,CASH,0.0,CASH,-23.68
2019-03-01,ENTER_SOXL,CASH,SOXL,1.0,RISK_ON,-3.02
2019-03-08,EXIT_TO_CASH,SOXL,CASH,0.0,CASH,-9.3
2019-03-12,ENTER_SOXL,CASH,SOXL,1.0,RISK_ON,-2.71
2019-05-21,EXIT_TO_CASH,SOXL,CASH,0.0,CASH,-7.68
2019-05-22,ENTER_SOXL,CASH,SOXL,1.0,RISK_ON,-1.75
2019-05-23,EXIT_TO_CASH,SOXL,CASH,0.0,CASH,-7.75
2019-06-06,ENTER_TQQQ,CASH,TQQQ,1.0,RISK_ON,-4.99
2019-08-06,EXIT_TO_CASH,TQQQ,CASH,0.0,CASH,2.26
2019-08-07,ENTER_TQQQ,CASH,TQQQ,1.0,RISK_ON,6.49
2019-08-15,EXIT_TO_CASH,TQQQ,CASH,0.0,CASH,4.55
2019-08-19,ENTER_TQQQ,CASH,TQQQ,1.0,RISK_ON,8.72
2019-08-26,EXIT_TO_CASH,TQQQ,CASH,0.0,CASH,2.43
2019-08-30,ENTER_TQQQ,CASH,TQQQ,1.0,RISK_ON,11.72
2019-09-03,ROTATE,TQQQ,SOXL,1.0,RISK_ON,17.97
2019-10-03,EXIT_TO_CASH,SOXL,CASH,0.0,CASH,12.93
2019-10-07,ENTER_SOXL,CASH,SOXL,1.0,RISK_ON,24.41
2019-11-01,ROTATE,SOXL,TQQQ,1.0,RISK_ON,17.19
2019-12-02,ROTATE,TQQQ,SOXL,1.0,RISK_ON,36.83
2020-01-02,ROTATE,SOXL,TQQQ,1.0,RISK_ON,33.11
2020-02-28,EXIT_TO_CASH,TQQQ,CASH,0.0,CASH,4.57
2020-03-03,ENTER_TQQQ,CASH,TQQQ,1.0,RISK_ON,20.29
2020-03-09,EXIT_TO_CASH,TQQQ,CASH,0.0,CASH,4.95
2020-03-13,ENTER_TQQQ,CASH,TQQQ,1.25,DEEP_DCA,-38.95
2020-03-16,EXIT_TO_CASH,TQQQ,CASH,0.0,CASH,-22.5
2020-03-17,ENTER_TQQQ,CASH,TQQQ,1.25,DEEP_DCA,-49.16
2020-04-09,EXIT_TO_CASH,TQQQ,CASH,0.0,CASH,-24.54
2020-05-12,ENTER_TQQQ,CASH,TQQQ,1.0,RISK_ON,6.27
2020-05-13,EXIT_TO_CASH,TQQQ,CASH,0.0,CASH,-0.06
2020-05-19,ENTER_TQQQ,CASH,TQQQ,1.0,RISK_ON,6.73
2020-07-01,EXIT_TO_CASH,TQQQ,CASH,0.0,CASH,-3.09
2020-07-07,ENTER_SOXL,CASH,SOXL,1.0,RISK_ON,3.99
2020-08-03,ROTATE,SOXL,TQQQ,1.0,RISK_ON,45.73
2020-09-01,ROTATE,TQQQ,SOXL,1.0,RISK_ON,31.67
2020-10-01,ROTATE,SOXL,TQQQ,1.0,RISK_ON,38.28
2020-11-02,ROTATE,TQQQ,SOXL,1.0,RISK_ON,21.27
2021-04-01,ROTATE,SOXL,TQQQ,1.0,RISK_ON,20.6
2021-05-13,EXIT_TO_CASH,TQQQ,CASH,0.0,CASH,6.06
2021-05-14,ENTER_TQQQ,CASH,TQQQ,1.0,RISK_ON,8.06
2021-12-01,ROTATE,TQQQ,SOXL,1.0,RISK_ON,51.27
2022-01-19,EXIT_TO_CASH,SOXL,CASH,0.0,CASH,18.19
2022-03-02,ENTER_TQQQ,CASH,TQQQ,0.5,DEEP_DCA,-25.77
2022-03-03,EXIT_TO_CASH,TQQQ,CASH,0.0,CASH,-22.25
2022-03-04,ENTER_TQQQ,CASH,TQQQ,0.5,DEEP_DCA,-25.52
2022-03-21,EXIT_TO_CASH,TQQQ,CASH,0.0,CASH,-20.9
2022-04-12,ENTER_TQQQ,CASH,TQQQ,0.5,DEEP_DCA,-28.44
2022-04-14,EXIT_TO_CASH,TQQQ,CASH,0.0,CASH,-24.99
2022-04-18,ENTER_TQQQ,CASH,TQQQ,0.5,DEEP_DCA,-29.96
2022-05-16,EXIT_TO_CASH,TQQQ,CASH,0.0,CASH,-50.93
2022-05-17,ENTER_TQQQ,CASH,TQQQ,2.0,DEEP_DCA,-52.32
2022-06-15,EXIT_TO_CASH,TQQQ,CASH,0.0,CASH,-61.55
2022-06-16,ENTER_TQQQ,CASH,TQQQ,2.0,DEEP_DCA,-58.62
2022-07-18,EXIT_TO_CASH,TQQQ,CASH,0.0,CASH,-51.74
2022-07-19,ENTER_TQQQ,CASH,TQQQ,2.0,DEEP_DCA,-52.7
2022-08-16,EXIT_TO_CASH,TQQQ,CASH,0.0,CASH,-25.16
2022-08-17,ENTER_TQQQ,CASH,TQQQ,0.5,DEEP_DCA,-25.37
2022-09-15,EXIT_TO_CASH,TQQQ,CASH,0.0,CASH,-43.2
2022-09-16,ENTER_TQQQ,CASH,TQQQ,1.25,DEEP_DCA,-45.7
2022-10-14,EXIT_TO_CASH,TQQQ,CASH,0.0,CASH,-52.12
2022-10-17,ENTER_TQQQ,CASH,TQQQ,2.0,DEEP_DCA,-56.06
2022-11-14,EXIT_TO_CASH,TQQQ,CASH,0.0,CASH,-35.29
2022-11-15,ENTER_TQQQ,CASH,TQQQ,0.5,DEEP_DCA,-36.7
2022-12-14,EXIT_TO_CASH,TQQQ,CASH,0.0,CASH,-29.08
2022-12-15,ENTER_TQQQ,CASH,TQQQ,0.5,DEEP_DCA,-30.45
2023-01-03,ROTATE,TQQQ,SOXL,1.25,DEEP_DCA,-44.37
2023-01-12,EXIT_TO_CASH,SOXL,CASH,0.0,CASH,-24.37
2023-01-20,ENTER_SOXL,CASH,SOXL,0.5,DEEP_DCA,-25.02
2023-01-23,EXIT_TO_CASH,SOXL,CASH,0.0,CASH,-17.87
2023-01-27,ENTER_SOXL,CASH,SOXL,1.0,RISK_ON,-0.14
2023-04-03,ROTATE,SOXL,TQQQ,1.0,RISK_ON,18.11
2023-10-23,EXIT_TO_CASH,TQQQ,CASH,0.0,CASH,5.85
2023-11-06,ENTER_TQQQ,CASH,TQQQ,1.0,RISK_ON,13.99
2024-01-02,ROTATE,TQQQ,SOXL,1.0,RISK_ON,50.91
2024-06-03,ROTATE,SOXL,TQQQ,1.0,RISK_ON,26.75
2024-08-05,EXIT_TO_CASH,TQQQ,CASH,0.0,CASH,3.83
2024-08-14,ENTER_TQQQ,CASH,TQQQ,1.0,RISK_ON,10.81
2024-09-04,EXIT_TO_CASH,TQQQ,CASH,0.0,CASH,4.63
2024-09-12,ENTER_TQQQ,CASH,TQQQ,1.0,RISK_ON,7.4
2025-02-28,EXIT_TO_CASH,TQQQ,CASH,0.0,CASH,-3.35
2025-04-04,ENTER_TQQQ,CASH,TQQQ,0.5,DEEP_DCA,-31.74
2025-04-28,EXIT_TO_CASH,TQQQ,CASH,0.0,CASH,-24.67
2025-06-04,ENTER_TQQQ,CASH,TQQQ,1.0,RISK_ON,2.81
2025-08-01,ROTATE,TQQQ,SOXL,1.0,RISK_ON,3.77
2025-10-01,ROTATE,SOXL,TQQQ,1.0,RISK_ON,33.77
2025-11-03,ROTATE,TQQQ,SOXL,1.0,RISK_ON,92.09
2026-02-06,EXIT_TO_CASH,SOXL,CASH,0.0,CASH,59.07
2026-02-09,ENTER_SOXL,CASH,SOXL,1.0,RISK_ON,83.02
2026-03-04,EXIT_TO_CASH,SOXL,CASH,0.0,CASH,41.18
2026-03-05,ENTER_SOXL,CASH,SOXL,1.0,RISK_ON,48.88
2026-03-09,EXIT_TO_CASH,SOXL,CASH,0.0,CASH,24.84
2026-04-14,ENTER_SOXL,CASH,SOXL,1.0,RISK_ON,87.78
