signal_date,execution_date,execution_type,action,symbol,units_after,price,drop_from_anchor_pct,from_symbol,to_symbol,units_before,reason
2010-06-29,2010-06-29,signal_close_after_hours_proxy,BUY_EXTRA_1,TQQQ,2.0,0.1928,-11.95,,,,
2010-06-30,2010-06-30,signal_close_after_hours_proxy,RESET_ON_ROTATION,,,0.4291,,TQQQ,SOXL,2.0,
2010-07-01,2010-07-01,signal_close_after_hours_proxy,RESET_ON_ROTATION,,,0.1815,,SOXL,TQQQ,1.0,
2010-07-16,2010-07-16,signal_close_after_hours_proxy,BUY_EXTRA_1,TQQQ,2.0,0.2035,-8.05,,,,
2010-07-26,2010-07-26,signal_close_after_hours_proxy,SELL_EXTRAS,TQQQ,1.0,0.2319,,,,2.0,extra shares profit >= 12%
2010-08-11,2010-08-11,signal_close_after_hours_proxy,BUY_EXTRA_1,TQQQ,2.0,0.2166,-10.18,,,,
2010-08-23,2010-08-23,signal_close_after_hours_proxy,BUY_EXTRA_2,TQQQ,3.0,0.2028,-15.89,,,,
2010-08-25,2010-08-25,signal_close_after_hours_proxy,SELL_EXTRAS,TQQQ,1.0,0.1969,,,,3.0,extra shares max holding days 10
2010-08-25,2010-08-25,signal_close_after_hours_proxy,BUY_EXTRA_1,TQQQ,2.0,0.1969,-18.34,,,,
2010-08-26,2010-08-26,signal_close_after_hours_proxy,BUY_EXTRA_2,TQQQ,3.0,0.1905,-21.0,,,,
2010-09-03,2010-09-03,signal_close_after_hours_proxy,SELL_EXTRAS,TQQQ,1.0,0.2232,,,,3.0,extra shares profit >= 12%
2010-09-03,2010-09-03,signal_close_after_hours_proxy,BUY_EXTRA_1,TQQQ,2.0,0.2232,-7.43,,,,
2010-09-16,2010-09-16,signal_close_after_hours_proxy,SELL_EXTRAS,TQQQ,1.0,0.2516,,,,2.0,extra shares profit >= 12%
2010-10-04,2010-10-04,signal_close_after_hours_proxy,BUY_EXTRA_1,TQQQ,2.0,0.261,-6.68,,,,
2010-10-13,2010-10-13,signal_close_after_hours_proxy,SELL_EXTRAS,TQQQ,1.0,0.2949,,,,2.0,extra shares profit >= 12%
2010-11-12,2010-11-12,signal_close_after_hours_proxy,BUY_EXTRA_1,TQQQ,2.0,0.329,-6.79,,,,
2010-11-29,2010-11-29,signal_close_after_hours_proxy,SELL_EXTRAS,TQQQ,1.0,0.3322,,,,2.0,extra shares max holding days 10
2010-11-29,2010-11-29,signal_close_after_hours_proxy,BUY_EXTRA_1,TQQQ,2.0,0.3322,-5.89,,,,
2010-12-13,2010-12-13,signal_close_after_hours_proxy,SELL_EXTRAS,TQQQ,1.0,0.3613,,,,2.0,extra shares max holding days 10
2011-01-04,2011-01-04,signal_close_after_hours_proxy,RESET_ON_ROTATION,,,0.7777,,TQQQ,SOXL,1.0,
2011-01-19,2011-01-19,signal_close_after_hours_proxy,BUY_EXTRA_1,SOXL,2.0,0.9136,-8.06,,,,
2011-02-02,2011-02-02,signal_close_after_hours_proxy,SELL_EXTRAS,SOXL,1.0,0.9985,,,,2.0,extra shares max holding days 10
2011-02-22,2011-02-22,signal_close_after_hours_proxy,BUY_EXTRA_1,SOXL,2.0,0.9858,-12.93,,,,
2011-02-23,2011-02-23,signal_close_after_hours_proxy,BUY_EXTRA_2,SOXL,3.0,0.9329,-17.6,,,,
2011-03-08,2011-03-08,signal_close_after_hours_proxy,SELL_EXTRAS,SOXL,1.0,0.9459,,,,3.0,extra shares max holding days 10
2011-03-08,2011-03-08,signal_close_after_hours_proxy,BUY_EXTRA_1,SOXL,2.0,0.9459,-16.45,,,,
2011-03-09,2011-03-09,signal_close_after_hours_proxy,BUY_EXTRA_2,SOXL,3.0,0.8616,-23.9,,,,
2011-03-22,2011-03-22,signal_close_after_hours_proxy,SELL_EXTRAS,SOXL,1.0,0.7892,,,,3.0,extra shares max holding days 10
2011-03-22,2011-03-22,signal_close_after_hours_proxy,BUY_EXTRA_1,SOXL,2.0,0.7892,-30.29,,,,
2011-03-23,2011-03-23,signal_close_after_hours_proxy,BUY_EXTRA_2,SOXL,3.0,0.8106,-28.4,,,,
2011-04-04,2011-04-04,signal_close_after_hours_proxy,RESET_ON_ROTATION,,,0.4192,,SOXL,TQQQ,3.0,
2011-04-18,2011-04-18,signal_close_after_hours_proxy,BUY_EXTRA_1,TQQQ,2.0,0.3963,-5.46,,,,
2011-04-25,2011-04-25,signal_close_after_hours_proxy,SELL_EXTRAS,TQQQ,1.0,0.4445,,,,2.0,extra shares profit >= 12%
2011-05-16,2011-05-16,signal_close_after_hours_proxy,BUY_EXTRA_1,TQQQ,2.0,0.4189,-9.24,,,,
2011-05-31,2011-05-31,signal_close_after_hours_proxy,SELL_EXTRAS,TQQQ,1.0,0.4388,,,,2.0,extra shares max holding days 10
2011-06-01,2011-06-01,signal_close_after_hours_proxy,BUY_EXTRA_1,TQQQ,2.0,0.4108,-10.99,,,,
2011-06-06,2011-06-06,signal_close_after_hours_proxy,BUY_EXTRA_2,TQQQ,3.0,0.3849,-16.6,,,,
2011-06-09,2011-06-09,signal_close_after_hours_proxy,RESET_ON_ROTATION,,,0.6983,,TQQQ,SOXL,3.0,
2011-06-10,2011-06-10,signal_close_after_hours_proxy,RESET_ON_ROTATION,,,0.3588,,SOXL,TQQQ,1.0,
2011-06-15,2011-06-15,signal_close_after_hours_proxy,BUY_EXTRA_1,TQQQ,2.0,0.352,-5.46,,,,
2011-06-29,2011-06-29,signal_close_after_hours_proxy,SELL_EXTRAS,TQQQ,1.0,0.3931,,,,2.0,extra shares max holding days 10
2011-07-11,2011-07-11,signal_close_after_hours_proxy,BUY_EXTRA_1,TQQQ,2.0,0.4274,-6.15,,,,
2011-07-25,2011-07-25,signal_close_after_hours_proxy,SELL_EXTRAS,TQQQ,1.0,0.4606,,,,2.0,extra shares max holding days 10
2011-07-27,2011-07-27,signal_close_after_hours_proxy,BUY_EXTRA_1,TQQQ,2.0,0.428,-7.63,,,,
2011-08-02,2011-08-02,signal_close_after_hours_proxy,BUY_EXTRA_2,TQQQ,3.0,0.3884,-16.16,,,,
2011-08-08,2011-08-08,signal_close_after_hours_proxy,RESET_ON_ROTATION,,,0.3519,,TQQQ,SOXL,3.0,
2011-08-09,2011-08-09,signal_close_after_hours_proxy,RESET_ON_ROTATION,,,0.3155,,SOXL,TQQQ,1.0,
2011-08-10,2011-08-10,signal_close_after_hours_proxy,BUY_EXTRA_1,TQQQ,2.0,0.2783,-11.79,,,,
2011-08-11,2011-08-11,signal_close_after_hours_proxy,SELL_EXTRAS,TQQQ,1.0,0.3141,,,,2.0,extra shares profit >= 12%
2011-08-18,2011-08-18,signal_close_after_hours_proxy,BUY_EXTRA_1,TQQQ,2.0,0.2753,-18.05,,,,
2011-08-19,2011-08-19,signal_close_after_hours_proxy,BUY_EXTRA_2,TQQQ,3.0,0.2599,-22.64,,,,
2011-08-24,2011-08-24,signal_close_after_hours_proxy,SELL_EXTRAS,TQQQ,1.0,0.3016,,,,3.0,extra shares profit >= 12%
2011-08-24,2011-08-24,signal_close_after_hours_proxy,BUY_EXTRA_1,TQQQ,2.0,0.3016,-10.22,,,,
2011-08-30,2011-08-30,signal_close_after_hours_proxy,SELL_EXTRAS,TQQQ,1.0,0.3409,,,,2.0,extra shares profit >= 12%
2011-09-02,2011-09-02,signal_close_after_hours_proxy,BUY_EXTRA_1,TQQQ,2.0,0.3098,-9.63,,,,
2011-09-15,2011-09-15,signal_close_after_hours_proxy,SELL_EXTRAS,TQQQ,1.0,0.3608,,,,2.0,extra shares profit >= 12%
2011-09-21,2011-09-21,signal_close_after_hours_proxy,BUY_EXTRA_1,TQQQ,2.0,0.3473,-6.43,,,,
2011-09-22,2011-09-22,signal_close_after_hours_proxy,BUY_EXTRA_2,TQQQ,3.0,0.3135,-15.53,,,,
2011-10-05,2011-10-05,signal_close_after_hours_proxy,SELL_EXTRAS,TQQQ,1.0,0.309,,,,3.0,extra shares max holding days 10
2011-10-05,2011-10-05,signal_close_after_hours_proxy,BUY_EXTRA_1,TQQQ,2.0,0.309,-16.74,,,,
2011-10-10,2011-10-10,signal_close_after_hours_proxy,SELL_EXTRAS,TQQQ,1.0,0.3509,,,,2.0,extra shares profit >= 12%
2011-10-10,2011-10-10,signal_close_after_hours_proxy,BUY_EXTRA_1,TQQQ,2.0,0.3509,-5.47,,,,
2011-10-14,2011-10-14,signal_close_after_hours_proxy,SELL_EXTRAS,TQQQ,1.0,0.3945,,,,2.0,extra shares profit >= 12%
2011-10-19,2011-10-19,signal_close_after_hours_proxy,BUY_EXTRA_1,TQQQ,2.0,0.3674,-6.87,,,,
2011-11-02,2011-11-02,signal_close_after_hours_proxy,SELL_EXTRAS,TQQQ,1.0,0.3653,,,,2.0,extra shares max holding days 10
2011-11-02,2011-11-02,signal_close_after_hours_proxy,BUY_EXTRA_1,TQQQ,2.0,0.3653,-10.16,,,,
2011-11-16,2011-11-16,signal_close_after_hours_proxy,SELL_EXTRAS,TQQQ,1.0,0.3666,,,,2.0,extra shares max holding days 10
2011-11-16,2011-11-16,signal_close_after_hours_proxy,BUY_EXTRA_1,TQQQ,2.0,0.3666,-9.84,,,,
2011-11-17,2011-11-17,signal_close_after_hours_proxy,BUY_EXTRA_2,TQQQ,3.0,0.3413,-16.04,,,,
2011-12-01,2011-12-01,signal_close_after_hours_proxy,SELL_EXTRAS,TQQQ,1.0,0.3546,,,,3.0,extra shares max holding days 10
2011-12-01,2011-12-01,signal_close_after_hours_proxy,BUY_EXTRA_1,TQQQ,2.0,0.3546,-12.77,,,,
2011-12-08,2011-12-08,signal_close_after_hours_proxy,BUY_EXTRA_2,TQQQ,3.0,0.3422,-15.83,,,,
2011-12-15,2011-12-15,signal_close_after_hours_proxy,SELL_EXTRAS,TQQQ,1.0,0.3169,,,,3.0,extra shares max holding days 10
2011-12-15,2011-12-15,signal_close_after_hours_proxy,BUY_EXTRA_1,TQQQ,2.0,0.3169,-22.06,,,,
2011-12-16,2011-12-16,signal_close_after_hours_proxy,BUY_EXTRA_2,TQQQ,3.0,0.3209,-21.08,,,,
2011-12-30,2011-12-30,signal_close_after_hours_proxy,SELL_EXTRAS,TQQQ,1.0,0.3374,,,,3.0,extra shares max holding days 10
2011-12-30,2011-12-30,signal_close_after_hours_proxy,BUY_EXTRA_1,TQQQ,2.0,0.3374,-17.01,,,,
2012-01-10,2012-01-10,signal_close_after_hours_proxy,SELL_EXTRAS,TQQQ,1.0,0.378,,,,2.0,extra shares profit >= 12%
2012-01-10,2012-01-10,signal_close_after_hours_proxy,BUY_EXTRA_1,TQQQ,2.0,0.378,-7.02,,,,
2012-01-25,2012-01-25,signal_close_after_hours_proxy,SELL_EXTRAS,TQQQ,1.0,0.4262,,,,2.0,extra shares max holding days 10
2012-03-06,2012-03-06,signal_close_after_hours_proxy,BUY_EXTRA_1,TQQQ,2.0,0.4941,-6.18,,,,
2012-03-13,2012-03-13,signal_close_after_hours_proxy,SELL_EXTRAS,TQQQ,1.0,0.5583,,,,2.0,extra shares profit >= 12%
2012-04-10,2012-04-10,signal_close_after_hours_proxy,BUY_EXTRA_1,TQQQ,2.0,0.5557,-9.18,,,,
2012-04-24,2012-04-24,signal_close_after_hours_proxy,SELL_EXTRAS,TQQQ,1.0,0.5191,,,,2.0,extra shares max holding days 10
2012-04-24,2012-04-24,signal_close_after_hours_proxy,BUY_EXTRA_1,TQQQ,2.0,0.5191,-15.15,,,,
2012-05-04,2012-05-04,signal_close_after_hours_proxy,BUY_EXTRA_2,TQQQ,3.0,0.5164,-15.6,,,,
2012-05-08,2012-05-08,signal_close_after_hours_proxy,SELL_EXTRAS,TQQQ,1.0,0.5114,,,,3.0,extra shares max holding days 10
2012-05-08,2012-05-08,signal_close_after_hours_proxy,BUY_EXTRA_1,TQQQ,2.0,0.5114,-16.42,,,,
2012-05-09,2012-05-09,signal_close_after_hours_proxy,BUY_EXTRA_2,TQQQ,3.0,0.5086,-16.88,,,,
2012-05-22,2012-05-22,signal_close_after_hours_proxy,SELL_EXTRAS,TQQQ,1.0,0.4614,,,,3.0,extra shares max holding days 10
2012-05-22,2012-05-22,signal_close_after_hours_proxy,BUY_EXTRA_1,TQQQ,2.0,0.4614,-24.59,,,,
2012-05-23,2012-05-23,signal_close_after_hours_proxy,BUY_EXTRA_2,TQQQ,3.0,0.464,-24.17,,,,
2012-06-06,2012-06-06,signal_close_after_hours_proxy,SELL_EXTRAS,TQQQ,1.0,0.4607,,,,3.0,extra shares max holding days 10
2012-06-06,2012-06-06,signal_close_after_hours_proxy,BUY_EXTRA_1,TQQQ,2.0,0.4607,-24.7,,,,
2012-06-07,2012-06-07,signal_close_after_hours_proxy,BUY_EXTRA_2,TQQQ,3.0,0.4555,-25.55,,,,
2012-06-20,2012-06-20,signal_close_after_hours_proxy,SELL_EXTRAS,TQQQ,1.0,0.5035,,,,3.0,extra shares max holding days 10
2012-06-20,2012-06-20,signal_close_after_hours_proxy,BUY_EXTRA_1,TQQQ,2.0,0.5035,-17.71,,,,
2012-06-21,2012-06-21,signal_close_after_hours_proxy,BUY_EXTRA_2,TQQQ,3.0,0.4658,-23.88,,,,
2012-07-05,2012-07-05,signal_close_after_hours_proxy,SELL_EXTRAS,TQQQ,1.0,0.5139,,,,3.0,extra shares max holding days 10
2012-07-05,2012-07-05,signal_close_after_hours_proxy,BUY_EXTRA_1,TQQQ,2.0,0.5139,-16.01,,,,
2012-07-06,2012-07-06,signal_close_after_hours_proxy,BUY_EXTRA_2,TQQQ,3.0,0.4936,-19.32,,,,
2012-07-19,2012-07-19,signal_close_after_hours_proxy,SELL_EXTRAS,TQQQ,1.0,0.5161,,,,3.0,extra shares max holding days 10
2012-07-19,2012-07-19,signal_close_after_hours_proxy,BUY_EXTRA_1,TQQQ,2.0,0.5161,-15.65,,,,
2012-07-20,2012-07-20,signal_close_after_hours_proxy,BUY_EXTRA_2,TQQQ,3.0,0.4962,-18.9,,,,
2012-08-02,2012-08-02,signal_close_after_hours_proxy,SELL_EXTRAS,TQQQ,1.0,0.4973,,,,3.0,extra shares max holding days 10
2012-08-02,2012-08-02,signal_close_after_hours_proxy,BUY_EXTRA_1,TQQQ,2.0,0.4973,-18.72,,,,
2012-08-13,2012-08-13,signal_close_after_hours_proxy,SELL_EXTRAS,TQQQ,1.0,0.5601,,,,2.0,extra shares profit >= 12%
2012-08-13,2012-08-13,signal_close_after_hours_proxy,BUY_EXTRA_1,TQQQ,2.0,0.5601,-8.45,,,,
2012-08-27,2012-08-27,signal_close_after_hours_proxy,SELL_EXTRAS,TQQQ,1.0,0.595,,,,2.0,extra shares max holding days 10
2012-08-30,2012-08-30,signal_close_after_hours_proxy,BUY_EXTRA_1,TQQQ,2.0,0.5769,-5.71,,,,
2012-09-14,2012-09-14,signal_close_after_hours_proxy,SELL_EXTRAS,TQQQ,1.0,0.6396,,,,2.0,extra shares max holding days 10
2012-09-25,2012-09-25,signal_close_after_hours_proxy,BUY_EXTRA_1,TQQQ,2.0,0.6075,-6.0,,,,
2012-10-09,2012-10-09,signal_close_after_hours_proxy,SELL_EXTRAS,TQQQ,1.0,0.5642,,,,2.0,extra shares max holding days 10
2012-10-09,2012-10-09,signal_close_after_hours_proxy,BUY_EXTRA_1,TQQQ,2.0,0.5642,-12.7,,,,
2012-10-19,2012-10-19,signal_close_after_hours_proxy,BUY_EXTRA_2,TQQQ,3.0,0.5251,-18.75,,,,
2012-10-23,2012-10-23,signal_close_after_hours_proxy,SELL_EXTRAS,TQQQ,1.0,0.5176,,,,3.0,extra shares max holding days 10
2012-10-23,2012-10-23,signal_close_after_hours_proxy,BUY_EXTRA_1,TQQQ,2.0,0.5176,-19.92,,,,
2012-10-24,2012-10-24,signal_close_after_hours_proxy,BUY_EXTRA_2,TQQQ,3.0,0.5124,-20.72,,,,
2012-11-08,2012-11-08,signal_close_after_hours_proxy,SELL_EXTRAS,TQQQ,1.0,0.4651,,,,3.0,extra shares max holding days 10
2012-11-08,2012-11-08,signal_close_after_hours_proxy,BUY_EXTRA_1,TQQQ,2.0,0.4651,-28.04,,,,
2012-11-09,2012-11-09,signal_close_after_hours_proxy,BUY_EXTRA_2,TQQQ,3.0,0.4701,-27.26,,,,
2012-11-23,2012-11-23,signal_close_after_hours_proxy,SELL_EXTRAS,TQQQ,1.0,0.5027,,,,3.0,extra shares max holding days 10
2012-11-23,2012-11-23,signal_close_after_hours_proxy,BUY_EXTRA_1,TQQQ,2.0,0.5027,-22.22,,,,
2012-11-26,2012-11-26,signal_close_after_hours_proxy,BUY_EXTRA_2,TQQQ,3.0,0.5091,-21.22,,,,
2012-12-07,2012-12-07,signal_close_after_hours_proxy,SELL_EXTRAS,TQQQ,1.0,0.5025,,,,3.0,extra shares max holding days 10
2012-12-07,2012-12-07,signal_close_after_hours_proxy,BUY_EXTRA_1,TQQQ,2.0,0.5025,-22.25,,,,
2012-12-10,2012-12-10,signal_close_after_hours_proxy,BUY_EXTRA_2,TQQQ,3.0,0.5069,-21.56,,,,
2012-12-21,2012-12-21,signal_close_after_hours_proxy,SELL_EXTRAS,TQQQ,1.0,0.516,,,,3.0,extra shares max holding days 10
2012-12-21,2012-12-21,signal_close_after_hours_proxy,BUY_EXTRA_1,TQQQ,2.0,0.516,-20.16,,,,
2012-12-24,2012-12-24,signal_close_after_hours_proxy,BUY_EXTRA_2,TQQQ,3.0,0.5116,-20.84,,,,
2013-01-08,2013-01-08,signal_close_after_hours_proxy,SELL_EXTRAS,TQQQ,1.0,0.5455,,,,3.0,extra shares max holding days 10
2013-01-08,2013-01-08,signal_close_after_hours_proxy,BUY_EXTRA_1,TQQQ,2.0,0.5455,-15.59,,,,
2013-01-15,2013-01-15,signal_close_after_hours_proxy,BUY_EXTRA_2,TQQQ,3.0,0.5474,-15.29,,,,
2013-01-23,2013-01-23,signal_close_after_hours_proxy,SELL_EXTRAS,TQQQ,1.0,0.5704,,,,3.0,extra shares max holding days 10
2013-01-23,2013-01-23,signal_close_after_hours_proxy,BUY_EXTRA_1,TQQQ,2.0,0.5704,-11.75,,,,
2013-01-24,2013-01-24,signal_close_after_hours_proxy,BUY_EXTRA_2,TQQQ,3.0,0.5476,-15.26,,,,
2013-02-04,2013-02-04,signal_close_after_hours_proxy,RESET_ON_ROTATION,,,0.5076,,TQQQ,SOXL,3.0,
2013-02-20,2013-02-20,signal_close_after_hours_proxy,BUY_EXTRA_1,SOXL,2.0,0.5443,-6.71,,,,
2013-03-06,2013-03-06,signal_close_after_hours_proxy,SELL_EXTRAS,SOXL,1.0,0.5774,,,,2.0,extra shares max holding days 10
2013-03-18,2013-03-18,signal_close_after_hours_proxy,BUY_EXTRA_1,SOXL,2.0,0.5581,-8.71,,,,
2013-04-02,2013-04-02,signal_close_after_hours_proxy,SELL_EXTRAS,SOXL,1.0,0.5396,,,,2.0,extra shares max holding days 10
2013-04-02,2013-04-02,signal_close_after_hours_proxy,BUY_EXTRA_1,SOXL,2.0,0.5396,-11.73,,,,
2013-04-03,2013-04-03,signal_close_after_hours_proxy,BUY_EXTRA_2,SOXL,3.0,0.5072,-17.04,,,,
2013-04-10,2013-04-10,signal_close_after_hours_proxy,SELL_EXTRAS,SOXL,1.0,0.5883,,,,3.0,extra shares profit >= 12%
2013-04-12,2013-04-12,signal_close_after_hours_proxy,BUY_EXTRA_1,SOXL,2.0,0.5739,-6.13,,,,
2013-04-17,2013-04-17,signal_close_after_hours_proxy,BUY_EXTRA_2,SOXL,3.0,0.5093,-16.7,,,,
2013-04-26,2013-04-26,signal_close_after_hours_proxy,SELL_EXTRAS,SOXL,1.0,0.5771,,,,3.0,extra shares max holding days 10
2013-04-26,2013-04-26,signal_close_after_hours_proxy,BUY_EXTRA_1,SOXL,2.0,0.5771,-5.61,,,,
2013-05-02,2013-05-02,signal_close_after_hours_proxy,RESET_ON_ROTATION,,,0.6619,,SOXL,TQQQ,2.0,
2013-06-04,2013-06-04,signal_close_after_hours_proxy,BUY_EXTRA_1,TQQQ,2.0,0.7096,-5.25,,,,
2013-06-18,2013-06-18,signal_close_after_hours_proxy,SELL_EXTRAS,TQQQ,1.0,0.7225,,,,2.0,extra shares max holding days 10
2013-06-19,2013-06-19,signal_close_after_hours_proxy,BUY_EXTRA_1,TQQQ,2.0,0.6998,-6.56,,,,
2013-06-24,2013-06-24,signal_close_after_hours_proxy,BUY_EXTRA_2,TQQQ,3.0,0.6193,-17.31,,,,
2013-07-02,2013-07-02,signal_close_after_hours_proxy,RESET_ON_ROTATION,,,0.7081,,TQQQ,SOXL,3.0,
2013-07-08,2013-07-08,signal_close_after_hours_proxy,BUY_EXTRA_1,SOXL,2.0,0.703,-5.95,,,,
2013-07-11,2013-07-11,signal_close_after_hours_proxy,SELL_EXTRAS,SOXL,1.0,0.7973,,,,2.0,extra shares profit >= 12%
2013-07-24,2013-07-24,signal_close_after_hours_proxy,BUY_EXTRA_1,SOXL,2.0,0.7372,-10.05,,,,
2013-08-07,2013-08-07,signal_close_after_hours_proxy,SELL_EXTRAS,SOXL,1.0,0.7354,,,,2.0,extra shares max holding days 10
2013-08-07,2013-08-07,signal_close_after_hours_proxy,BUY_EXTRA_1,SOXL,2.0,0.7354,-10.27,,,,
2013-08-15,2013-08-15,signal_close_after_hours_proxy,BUY_EXTRA_2,SOXL,3.0,0.6758,-17.54,,,,
2013-08-21,2013-08-21,signal_close_after_hours_proxy,SELL_EXTRAS,SOXL,1.0,0.667,,,,3.0,extra shares max holding days 10
2013-08-21,2013-08-21,signal_close_after_hours_proxy,BUY_EXTRA_1,SOXL,2.0,0.667,-18.62,,,,
2013-08-22,2013-08-22,signal_close_after_hours_proxy,BUY_EXTRA_2,SOXL,3.0,0.6896,-15.86,,,,
2013-08-28,2013-08-28,signal_close_after_hours_proxy,RESET_ON_ROTATION,,,0.7768,,SOXL,TQQQ,3.0,
2013-08-29,2013-08-29,signal_close_after_hours_proxy,RESET_ON_ROTATION,,,0.6802,,TQQQ,SOXL,1.0,
2013-09-04,2013-09-04,signal_close_after_hours_proxy,RESET_ON_ROTATION,,,0.8167,,SOXL,TQQQ,1.0,
2013-10-08,2013-10-08,signal_close_after_hours_proxy,BUY_EXTRA_1,TQQQ,2.0,0.8373,-9.07,,,,
2013-10-16,2013-10-16,signal_close_after_hours_proxy,SELL_EXTRAS,TQQQ,1.0,0.9404,,,,2.0,extra shares profit >= 12%
2013-11-07,2013-11-07,signal_close_after_hours_proxy,BUY_EXTRA_1,TQQQ,2.0,0.9753,-5.81,,,,
2013-11-21,2013-11-21,signal_close_after_hours_proxy,SELL_EXTRAS,TQQQ,1.0,1.05,,,,2.0,extra shares max holding days 10
2013-12-13,2013-12-13,signal_close_after_hours_proxy,BUY_EXTRA_1,TQQQ,2.0,1.0978,-5.14,,,,
2013-12-30,2013-12-30,signal_close_after_hours_proxy,SELL_EXTRAS,TQQQ,1.0,1.208,,,,2.0,extra shares max holding days 10
2014-01-06,2014-01-06,signal_close_after_hours_proxy,BUY_EXTRA_1,TQQQ,2.0,1.1642,-5.48,,,,
2014-01-21,2014-01-21,signal_close_after_hours_proxy,SELL_EXTRAS,TQQQ,1.0,1.2514,,,,2.0,extra shares max holding days 10
2014-01-24,2014-01-24,signal_close_after_hours_proxy,BUY_EXTRA_1,TQQQ,2.0,1.1739,-7.06,,,,
2014-02-07,2014-02-07,signal_close_after_hours_proxy,SELL_EXTRAS,TQQQ,1.0,1.1895,,,,2.0,extra shares max holding days 10
2014-02-07,2014-02-07,signal_close_after_hours_proxy,BUY_EXTRA_1,TQQQ,2.0,1.1895,-5.81,,,,
2014-02-24,2014-02-24,signal_close_after_hours_proxy,SELL_EXTRAS,TQQQ,1.0,1.3211,,,,2.0,extra shares max holding days 10
2014-03-04,2014-03-04,signal_close_after_hours_proxy,RESET_ON_ROTATION,,,1.2553,,TQQQ,SOXL,1.0,
2014-03-13,2014-03-13,signal_close_after_hours_proxy,BUY_EXTRA_1,SOXL,2.0,1.2247,-5.21,,,,
2014-03-20,2014-03-20,signal_close_after_hours_proxy,SELL_EXTRAS,SOXL,1.0,1.3719,,,,2.0,extra shares profit >= 12%
2014-03-27,2014-03-27,signal_close_after_hours_proxy,BUY_EXTRA_1,SOXL,2.0,1.2735,-7.17,,,,
2014-04-01,2014-04-01,signal_close_after_hours_proxy,SELL_EXTRAS,SOXL,1.0,1.4273,,,,2.0,extra shares profit >= 12%
2014-04-04,2014-04-04,signal_close_after_hours_proxy,BUY_EXTRA_1,SOXL,2.0,1.3069,-8.44,,,,
2014-04-11,2014-04-11,signal_close_after_hours_proxy,BUY_EXTRA_2,SOXL,3.0,1.1764,-17.58,,,,
2014-04-21,2014-04-21,signal_close_after_hours_proxy,SELL_EXTRAS,SOXL,1.0,1.3264,,,,3.0,extra shares max holding days 10
2014-04-21,2014-04-21,signal_close_after_hours_proxy,BUY_EXTRA_1,SOXL,2.0,1.3264,-7.07,,,,
2014-05-05,2014-05-05,signal_close_after_hours_proxy,SELL_EXTRAS,SOXL,1.0,1.2721,,,,2.0,extra shares max holding days 10
2014-05-05,2014-05-05,signal_close_after_hours_proxy,BUY_EXTRA_1,SOXL,2.0,1.2721,-10.87,,,,
2014-05-19,2014-05-19,signal_close_after_hours_proxy,SELL_EXTRAS,SOXL,1.0,1.3129,,,,2.0,extra shares max holding days 10
2014-05-19,2014-05-19,signal_close_after_hours_proxy,BUY_EXTRA_1,SOXL,2.0,1.3129,-8.01,,,,
2014-06-03,2014-06-03,signal_close_after_hours_proxy,SELL_EXTRAS,SOXL,1.0,1.5043,,,,2.0,extra shares max holding days 10
2014-07-17,2014-07-17,signal_close_after_hours_proxy,BUY_EXTRA_1,SOXL,2.0,1.707,-7.72,,,,
2014-07-25,2014-07-25,signal_close_after_hours_proxy,BUY_EXTRA_2,SOXL,3.0,1.5542,-15.98,,,,
2014-07-31,2014-07-31,signal_close_after_hours_proxy,SELL_EXTRAS,SOXL,1.0,1.4799,,,,3.0,extra shares max holding days 10
2014-07-31,2014-07-31,signal_close_after_hours_proxy,BUY_EXTRA_1,SOXL,2.0,1.4799,-20.0,,,,
2014-08-01,2014-08-01,signal_close_after_hours_proxy,BUY_EXTRA_2,SOXL,3.0,1.5021,-18.8,,,,
2014-08-04,2014-08-04,signal_close_after_hours_proxy,RESET_ON_ROTATION,,,1.5431,,SOXL,TQQQ,3.0,
2014-09-25,2014-09-25,signal_close_after_hours_proxy,BUY_EXTRA_1,TQQQ,2.0,1.6636,-6.96,,,,
2014-10-09,2014-10-09,signal_close_after_hours_proxy,SELL_EXTRAS,TQQQ,1.0,1.6096,,,,2.0,extra shares max holding days 10
2014-10-09,2014-10-09,signal_close_after_hours_proxy,BUY_EXTRA_1,TQQQ,2.0,1.6096,-9.98,,,,
2014-10-10,2014-10-10,signal_close_after_hours_proxy,BUY_EXTRA_2,TQQQ,3.0,1.4891,-16.72,,,,
2014-10-23,2014-10-23,signal_close_after_hours_proxy,SELL_EXTRAS,TQQQ,1.0,1.6483,,,,3.0,extra shares max holding days 10
2014-10-23,2014-10-23,signal_close_after_hours_proxy,BUY_EXTRA_1,TQQQ,2.0,1.6483,-7.82,,,,
2014-11-03,2014-11-03,signal_close_after_hours_proxy,SELL_EXTRAS,TQQQ,1.0,1.8492,,,,2.0,extra shares profit >= 12%
2014-12-10,2014-12-10,signal_close_after_hours_proxy,BUY_EXTRA_1,TQQQ,2.0,1.9272,-7.88,,,,
2014-12-16,2014-12-16,signal_close_after_hours_proxy,BUY_EXTRA_2,TQQQ,3.0,1.7448,-16.6,,,,
2014-12-24,2014-12-24,signal_close_after_hours_proxy,SELL_EXTRAS,TQQQ,1.0,1.9987,,,,3.0,extra shares max holding days 10
2014-12-31,2014-12-31,signal_close_after_hours_proxy,BUY_EXTRA_1,TQQQ,2.0,1.9349,-7.51,,,,
2015-01-06,2015-01-06,signal_close_after_hours_proxy,BUY_EXTRA_2,TQQQ,3.0,1.76,-15.87,,,,
2015-01-15,2015-01-15,signal_close_after_hours_proxy,SELL_EXTRAS,TQQQ,1.0,1.7332,,,,3.0,extra shares max holding days 10
2015-01-15,2015-01-15,signal_close_after_hours_proxy,BUY_EXTRA_1,TQQQ,2.0,1.7332,-17.15,,,,
2015-01-22,2015-01-22,signal_close_after_hours_proxy,SELL_EXTRAS,TQQQ,1.0,1.9665,,,,2.0,extra shares profit >= 12%
2015-01-22,2015-01-22,signal_close_after_hours_proxy,BUY_EXTRA_1,TQQQ,2.0,1.9665,-6.0,,,,
2015-02-03,2015-02-03,signal_close_after_hours_proxy,RESET_ON_ROTATION,,,1.8516,,TQQQ,SOXL,2.0,
2015-03-03,2015-03-03,signal_close_after_hours_proxy,BUY_EXTRA_1,SOXL,2.0,2.3252,-5.78,,,,
2015-03-17,2015-03-17,signal_close_after_hours_proxy,SELL_EXTRAS,SOXL,1.0,2.2529,,,,2.0,extra shares max holding days 10
2015-03-17,2015-03-17,signal_close_after_hours_proxy,BUY_EXTRA_1,SOXL,2.0,2.2529,-8.71,,,,
2015-03-25,2015-03-25,signal_close_after_hours_proxy,BUY_EXTRA_2,SOXL,3.0,1.9788,-19.81,,,,
2015-03-31,2015-03-31,signal_close_after_hours_proxy,SELL_EXTRAS,SOXL,1.0,2.0633,,,,3.0,extra shares max holding days 10
2015-03-31,2015-03-31,signal_close_after_hours_proxy,BUY_EXTRA_1,SOXL,2.0,2.0633,-16.39,,,,
2015-04-01,2015-04-01,signal_close_after_hours_proxy,BUY_EXTRA_2,SOXL,3.0,2.0245,-17.96,,,,
2015-04-02,2015-04-02,signal_close_after_hours_proxy,RESET_ON_ROTATION,,,2.0139,,SOXL,TQQQ,3.0,
2015-04-17,2015-04-17,signal_close_after_hours_proxy,BUY_EXTRA_1,TQQQ,2.0,2.061,-5.01,,,,
2015-04-24,2015-04-24,signal_close_after_hours_proxy,SELL_EXTRAS,TQQQ,1.0,2.3305,,,,2.0,extra shares profit >= 12%
2015-04-30,2015-04-30,signal_close_after_hours_proxy,BUY_EXTRA_1,TQQQ,2.0,2.1506,-7.72,,,,
2015-05-14,2015-05-14,signal_close_after_hours_proxy,SELL_EXTRAS,TQQQ,1.0,2.262,,,,2.0,extra shares max holding days 10
2015-06-08,2015-06-08,signal_close_after_hours_proxy,BUY_EXTRA_1,TQQQ,2.0,2.1704,-7.4,,,,
2015-06-22,2015-06-22,signal_close_after_hours_proxy,SELL_EXTRAS,TQQQ,1.0,2.335,,,,2.0,extra shares max holding days 10
2015-06-29,2015-06-29,signal_close_after_hours_proxy,BUY_EXTRA_1,TQQQ,2.0,2.0884,-10.9,,,,
2015-07-14,2015-07-14,signal_close_after_hours_proxy,SELL_EXTRAS,TQQQ,1.0,2.2915,,,,2.0,extra shares max holding days 10
2015-07-24,2015-07-24,signal_close_after_hours_proxy,BUY_EXTRA_1,TQQQ,2.0,2.3424,-7.41,,,,
2015-08-07,2015-08-07,signal_close_after_hours_proxy,SELL_EXTRAS,TQQQ,1.0,2.2872,,,,2.0,extra shares max holding days 10
2015-08-07,2015-08-07,signal_close_after_hours_proxy,BUY_EXTRA_1,TQQQ,2.0,2.2872,-9.59,,,,
2015-08-20,2015-08-20,signal_close_after_hours_proxy,BUY_EXTRA_2,TQQQ,3.0,2.0846,-17.6,,,,
2015-08-21,2015-08-21,signal_close_after_hours_proxy,SELL_EXTRAS,TQQQ,1.0,1.8253,,,,3.0,extra shares max holding days 10
2015-08-21,2015-08-21,signal_close_after_hours_proxy,BUY_EXTRA_1,TQQQ,2.0,1.8253,-27.85,,,,
2015-08-24,2015-08-24,signal_close_after_hours_proxy,BUY_EXTRA_2,TQQQ,3.0,1.609,-36.4,,,,
2015-08-25,2015-08-25,signal_close_after_hours_proxy,RESET_ON_ROTATION,,,1.038,,TQQQ,SOXL,3.0,
2015-08-26,2015-08-26,signal_close_after_hours_proxy,RESET_ON_ROTATION,,,1.817,,SOXL,TQQQ,1.0,
2015-09-01,2015-09-01,signal_close_after_hours_proxy,BUY_EXTRA_1,TQQQ,2.0,1.7137,-12.52,,,,
2015-09-11,2015-09-11,signal_close_after_hours_proxy,SELL_EXTRAS,TQQQ,1.0,1.9343,,,,2.0,extra shares profit >= 12%
2015-09-22,2015-09-22,signal_close_after_hours_proxy,BUY_EXTRA_1,TQQQ,2.0,1.8674,-7.68,,,,
2015-09-28,2015-09-28,signal_close_after_hours_proxy,BUY_EXTRA_2,TQQQ,3.0,1.6484,-18.51,,,,
2015-10-06,2015-10-06,signal_close_after_hours_proxy,SELL_EXTRAS,TQQQ,1.0,1.9033,,,,3.0,extra shares max holding days 10
2015-10-06,2015-10-06,signal_close_after_hours_proxy,BUY_EXTRA_1,TQQQ,2.0,1.9033,-5.9,,,,
2015-10-20,2015-10-20,signal_close_after_hours_proxy,SELL_EXTRAS,TQQQ,1.0,2.0735,,,,2.0,extra shares max holding days 10
2015-11-12,2015-11-12,signal_close_after_hours_proxy,BUY_EXTRA_1,TQQQ,2.0,2.2923,-7.62,,,,
2015-11-27,2015-11-27,signal_close_after_hours_proxy,SELL_EXTRAS,TQQQ,1.0,2.4224,,,,2.0,extra shares max holding days 10
2015-12-03,2015-12-03,signal_close_after_hours_proxy,BUY_EXTRA_1,TQQQ,2.0,2.3094,-6.93,,,,
2015-12-17,2015-12-17,signal_close_after_hours_proxy,SELL_EXTRAS,TQQQ,1.0,2.2848,,,,2.0,extra shares max holding days 10
2015-12-17,2015-12-17,signal_close_after_hours_proxy,BUY_EXTRA_1,TQQQ,2.0,2.2848,-7.92,,,,
2016-01-04,2016-01-04,signal_close_after_hours_proxy,SELL_EXTRAS,TQQQ,1.0,2.1297,,,,2.0,extra shares max holding days 10
2016-01-04,2016-01-04,signal_close_after_hours_proxy,BUY_EXTRA_1,TQQQ,2.0,2.1297,-14.17,,,,
2016-01-06,2016-01-06,signal_close_after_hours_proxy,BUY_EXTRA_2,TQQQ,3.0,2.0541,-17.22,,,,
2016-01-19,2016-01-19,signal_close_after_hours_proxy,SELL_EXTRAS,TQQQ,1.0,1.6452,,,,3.0,extra shares max holding days 10
2016-01-19,2016-01-19,signal_close_after_hours_proxy,BUY_EXTRA_1,TQQQ,2.0,1.6452,-33.7,,,,
2016-01-20,2016-01-20,signal_close_after_hours_proxy,BUY_EXTRA_2,TQQQ,3.0,1.6303,-34.3,,,,
2016-02-02,2016-02-02,signal_close_after_hours_proxy,SELL_EXTRAS,TQQQ,1.0,1.6849,,,,3.0,extra shares max holding days 10
2016-02-02,2016-02-02,signal_close_after_hours_proxy,BUY_EXTRA_1,TQQQ,2.0,1.6849,-32.1,,,,
2016-02-03,2016-02-03,signal_close_after_hours_proxy,BUY_EXTRA_2,TQQQ,3.0,1.6611,-33.06,,,,
2016-02-09,2016-02-09,signal_close_after_hours_proxy,RESET_ON_ROTATION,,,0.9786,,TQQQ,SOXL,3.0,
2016-02-10,2016-02-10,signal_close_after_hours_proxy,RESET_ON_ROTATION,,,1.4198,,SOXL,TQQQ,1.0,
2016-03-02,2016-03-02,signal_close_after_hours_proxy,RESET_ON_ROTATION,,,1.4141,,TQQQ,SOXL,1.0,
2016-03-08,2016-03-08,signal_close_after_hours_proxy,BUY_EXTRA_1,SOXL,2.0,1.3777,-6.81,,,,
2016-03-17,2016-03-17,signal_close_after_hours_proxy,SELL_EXTRAS,SOXL,1.0,1.564,,,,2.0,extra shares profit >= 12%
2016-04-07,2016-04-07,signal_close_after_hours_proxy,BUY_EXTRA_1,SOXL,2.0,1.567,-6.21,,,,
2016-04-21,2016-04-21,signal_close_after_hours_proxy,SELL_EXTRAS,SOXL,1.0,1.5646,,,,2.0,extra shares max holding days 10
2016-04-21,2016-04-21,signal_close_after_hours_proxy,BUY_EXTRA_1,SOXL,2.0,1.5646,-7.5,,,,
2016-04-29,2016-04-29,signal_close_after_hours_proxy,BUY_EXTRA_2,SOXL,3.0,1.4075,-16.79,,,,
2016-05-05,2016-05-05,signal_close_after_hours_proxy,SELL_EXTRAS,SOXL,1.0,1.3492,,,,3.0,extra shares max holding days 10
2016-05-05,2016-05-05,signal_close_after_hours_proxy,BUY_EXTRA_1,SOXL,2.0,1.3492,-20.23,,,,
2016-05-06,2016-05-06,signal_close_after_hours_proxy,BUY_EXTRA_2,SOXL,3.0,1.3547,-19.91,,,,
2016-05-19,2016-05-19,signal_close_after_hours_proxy,SELL_EXTRAS,SOXL,1.0,1.4014,,,,3.0,extra shares max holding days 10
2016-05-19,2016-05-19,signal_close_after_hours_proxy,BUY_EXTRA_1,SOXL,2.0,1.4014,-17.14,,,,
2016-05-24,2016-05-24,signal_close_after_hours_proxy,SELL_EXTRAS,SOXL,1.0,1.6787,,,,2.0,extra shares profit >= 12%
2016-06-10,2016-06-10,signal_close_after_hours_proxy,BUY_EXTRA_1,SOXL,2.0,1.78,-5.02,,,,
2016-06-24,2016-06-24,signal_close_after_hours_proxy,SELL_EXTRAS,SOXL,1.0,1.5895,,,,2.0,extra shares max holding days 10
2016-06-24,2016-06-24,signal_close_after_hours_proxy,BUY_EXTRA_1,SOXL,2.0,1.5895,-16.88,,,,
2016-06-27,2016-06-27,signal_close_after_hours_proxy,BUY_EXTRA_2,SOXL,3.0,1.4002,-26.78,,,,
2016-06-30,2016-06-30,signal_close_after_hours_proxy,SELL_EXTRAS,SOXL,1.0,1.6908,,,,3.0,extra shares profit >= 12%
2016-06-30,2016-06-30,signal_close_after_hours_proxy,BUY_EXTRA_1,SOXL,2.0,1.6908,-11.58,,,,
2016-07-05,2016-07-05,signal_close_after_hours_proxy,BUY_EXTRA_2,SOXL,3.0,1.5537,-18.75,,,,
2016-07-12,2016-07-12,signal_close_after_hours_proxy,SELL_EXTRAS,SOXL,1.0,1.8849,,,,3.0,extra shares profit >= 12%
2016-08-02,2016-08-02,signal_close_after_hours_proxy,BUY_EXTRA_1,SOXL,2.0,2.1804,-7.8,,,,
2016-08-15,2016-08-15,signal_close_after_hours_proxy,SELL_EXTRAS,SOXL,1.0,2.4971,,,,2.0,extra shares profit >= 12%
2016-09-09,2016-09-09,signal_close_after_hours_proxy,BUY_EXTRA_1,SOXL,2.0,2.289,-14.56,,,,
2016-09-15,2016-09-15,signal_close_after_hours_proxy,SELL_EXTRAS,SOXL,1.0,2.5905,,,,2.0,extra shares profit >= 12%
2016-09-26,2016-09-26,signal_close_after_hours_proxy,BUY_EXTRA_1,SOXL,2.0,2.5359,-6.19,,,,
2016-09-30,2016-09-30,signal_close_after_hours_proxy,SELL_EXTRAS,SOXL,1.0,2.9187,,,,2.0,extra shares profit >= 12%
2016-10-11,2016-10-11,signal_close_after_hours_proxy,BUY_EXTRA_1,SOXL,2.0,2.7112,-8.18,,,,
2016-10-25,2016-10-25,signal_close_after_hours_proxy,SELL_EXTRAS,SOXL,1.0,2.8356,,,,2.0,extra shares max holding days 10
2016-10-27,2016-10-27,signal_close_after_hours_proxy,BUY_EXTRA_1,SOXL,2.0,2.7816,-5.79,,,,
2016-11-10,2016-11-10,signal_close_after_hours_proxy,SELL_EXTRAS,SOXL,1.0,2.6032,,,,2.0,extra shares max holding days 10
2016-11-10,2016-11-10,signal_close_after_hours_proxy,BUY_EXTRA_1,SOXL,2.0,2.6032,-11.83,,,,
2016-11-15,2016-11-15,signal_close_after_hours_proxy,SELL_EXTRAS,SOXL,1.0,3.0127,,,,2.0,extra shares profit >= 12%
2016-12-01,2016-12-01,signal_close_after_hours_proxy,BUY_EXTRA_1,SOXL,2.0,2.8799,-17.5,,,,
2016-12-06,2016-12-06,signal_close_after_hours_proxy,SELL_EXTRAS,SOXL,1.0,3.2293,,,,2.0,extra shares profit >= 12%
2016-12-06,2016-12-06,signal_close_after_hours_proxy,BUY_EXTRA_1,SOXL,2.0,3.2293,-7.49,,,,
2016-12-15,2016-12-15,signal_close_after_hours_proxy,SELL_EXTRAS,SOXL,1.0,3.6898,,,,2.0,extra shares profit >= 12%
2016-12-28,2016-12-28,signal_close_after_hours_proxy,BUY_EXTRA_1,SOXL,2.0,3.8093,-5.81,,,,
2017-01-12,2017-01-12,signal_close_after_hours_proxy,SELL_EXTRAS,SOXL,1.0,3.7642,,,,2.0,extra shares max holding days 10
2017-01-12,2017-01-12,signal_close_after_hours_proxy,BUY_EXTRA_1,SOXL,2.0,3.7642,-6.93,,,,
2017-01-25,2017-01-25,signal_close_after_hours_proxy,SELL_EXTRAS,SOXL,1.0,4.225,,,,2.0,extra shares profit >= 12%
2017-01-31,2017-01-31,signal_close_after_hours_proxy,BUY_EXTRA_1,SOXL,2.0,4.075,-5.43,,,,
2017-02-14,2017-02-14,signal_close_after_hours_proxy,SELL_EXTRAS,SOXL,1.0,4.3051,,,,2.0,extra shares max holding days 10
2017-02-24,2017-02-24,signal_close_after_hours_proxy,BUY_EXTRA_1,SOXL,2.0,4.4532,-5.13,,,,
2017-03-10,2017-03-10,signal_close_after_hours_proxy,SELL_EXTRAS,SOXL,1.0,4.7094,,,,2.0,extra shares max holding days 10
2017-03-21,2017-03-21,signal_close_after_hours_proxy,BUY_EXTRA_1,SOXL,2.0,4.6585,-6.96,,,,
2017-04-04,2017-04-04,signal_close_after_hours_proxy,RESET_ON_ROTATION,,,3.5116,,SOXL,TQQQ,2.0,
2017-05-17,2017-05-17,signal_close_after_hours_proxy,BUY_EXTRA_1,TQQQ,2.0,3.7801,-7.57,,,,
2017-06-01,2017-06-01,signal_close_after_hours_proxy,SELL_EXTRAS,TQQQ,1.0,4.2694,,,,2.0,extra shares max holding days 10
2017-06-09,2017-06-09,signal_close_after_hours_proxy,BUY_EXTRA_1,TQQQ,2.0,4.1014,-7.23,,,,
2017-06-23,2017-06-23,signal_close_after_hours_proxy,SELL_EXTRAS,TQQQ,1.0,4.2209,,,,2.0,extra shares max holding days 10
2017-06-26,2017-06-26,signal_close_after_hours_proxy,BUY_EXTRA_1,TQQQ,2.0,4.1649,-5.79,,,,
2017-07-11,2017-07-11,signal_close_after_hours_proxy,SELL_EXTRAS,TQQQ,1.0,4.0052,,,,2.0,extra shares max holding days 10
2017-07-11,2017-07-11,signal_close_after_hours_proxy,BUY_EXTRA_1,TQQQ,2.0,4.0052,-9.41,,,,
2017-07-24,2017-07-24,signal_close_after_hours_proxy,SELL_EXTRAS,TQQQ,1.0,4.5084,,,,2.0,extra shares profit >= 12%
2017-08-02,2017-08-02,signal_close_after_hours_proxy,RESET_ON_ROTATION,,,5.8929,,TQQQ,SOXL,1.0,
2017-08-10,2017-08-10,signal_close_after_hours_proxy,BUY_EXTRA_1,SOXL,2.0,5.5071,-10.2,,,,
2017-08-24,2017-08-24,signal_close_after_hours_proxy,SELL_EXTRAS,SOXL,1.0,5.8802,,,,2.0,extra shares max holding days 10
2017-08-25,2017-08-25,signal_close_after_hours_proxy,BUY_EXTRA_1,SOXL,2.0,5.7925,-5.55,,,,
2017-09-05,2017-09-05,signal_close_after_hours_proxy,RESET_ON_ROTATION,,,4.46,,SOXL,TQQQ,2.0,
2017-09-25,2017-09-25,signal_close_after_hours_proxy,BUY_EXTRA_1,TQQQ,2.0,4.3039,-6.7,,,,
2017-10-09,2017-10-09,signal_close_after_hours_proxy,SELL_EXTRAS,TQQQ,1.0,4.7281,,,,2.0,extra shares max holding days 10
2017-11-02,2017-11-02,signal_close_after_hours_proxy,RESET_ON_ROTATION,,,9.4403,,TQQQ,SOXL,1.0,
2017-11-09,2017-11-09,signal_close_after_hours_proxy,BUY_EXTRA_1,SOXL,2.0,9.8071,-6.09,,,,
2017-11-24,2017-11-24,signal_close_after_hours_proxy,SELL_EXTRAS,SOXL,1.0,10.8883,,,,2.0,extra shares max holding days 10
2017-11-29,2017-11-29,signal_close_after_hours_proxy,BUY_EXTRA_1,SOXL,2.0,9.0927,-16.49,,,,
2017-12-01,2017-12-01,signal_close_after_hours_proxy,BUY_EXTRA_2,SOXL,3.0,8.9439,-17.86,,,,
2017-12-05,2017-12-05,signal_close_after_hours_proxy,RESET_ON_ROTATION,,,5.1943,,SOXL,TQQQ,3.0,
2017-12-06,2017-12-06,signal_close_after_hours_proxy,RESET_ON_ROTATION,,,8.3897,,TQQQ,SOXL,1.0,
2017-12-26,2017-12-26,signal_close_after_hours_proxy,BUY_EXTRA_1,SOXL,2.0,8.8966,-6.28,,,,
2018-01-03,2018-01-03,signal_close_after_hours_proxy,RESET_ON_ROTATION,,,5.9616,,SOXL,TQQQ,2.0,
2018-02-01,2018-02-01,signal_close_after_hours_proxy,BUY_EXTRA_1,TQQQ,2.0,6.8596,-5.09,,,,
2018-02-05,2018-02-05,signal_close_after_hours_proxy,BUY_EXTRA_2,TQQQ,3.0,5.6971,-21.18,,,,
2018-02-09,2018-02-09,signal_close_after_hours_proxy,RESET_ON_ROTATION,,,8.4888,,TQQQ,SOXL,3.0,
2018-02-12,2018-02-12,signal_close_after_hours_proxy,RESET_ON_ROTATION,,,5.709,,SOXL,TQQQ,1.0,
2018-02-28,2018-02-28,signal_close_after_hours_proxy,BUY_EXTRA_1,TQQQ,2.0,6.6018,-5.52,,,,
2018-03-12,2018-03-12,signal_close_after_hours_proxy,SELL_EXTRAS,TQQQ,1.0,7.406,,,,2.0,extra shares profit >= 12%
2018-03-16,2018-03-16,signal_close_after_hours_proxy,BUY_EXTRA_1,TQQQ,2.0,7.0343,-5.02,,,,
2018-03-22,2018-03-22,signal_close_after_hours_proxy,BUY_EXTRA_2,TQQQ,3.0,6.0668,-18.08,,,,
2018-04-02,2018-04-02,signal_close_after_hours_proxy,SELL_EXTRAS,TQQQ,1.0,5.2082,,,,3.0,extra shares max holding days 10
2018-04-02,2018-04-02,signal_close_after_hours_proxy,BUY_EXTRA_1,TQQQ,2.0,5.2082,-29.68,,,,
2018-04-03,2018-04-03,signal_close_after_hours_proxy,RESET_ON_ROTATION,,,9.0881,,TQQQ,SOXL,2.0,
2018-04-06,2018-04-06,signal_close_after_hours_proxy,BUY_EXTRA_1,SOXL,2.0,8.3101,-11.92,,,,
2018-04-12,2018-04-12,signal_close_after_hours_proxy,SELL_EXTRAS,SOXL,1.0,9.8082,,,,2.0,extra shares profit >= 12%
2018-04-19,2018-04-19,signal_close_after_hours_proxy,BUY_EXTRA_1,SOXL,2.0,8.5931,-15.61,,,,
2018-04-20,2018-04-20,signal_close_after_hours_proxy,BUY_EXTRA_2,SOXL,3.0,8.2846,-18.64,,,,
2018-04-26,2018-04-26,signal_close_after_hours_proxy,RESET_ON_ROTATION,,,5.8019,,SOXL,TQQQ,3.0,
2018-04-27,2018-04-27,signal_close_after_hours_proxy,RESET_ON_ROTATION,,,8.0212,,TQQQ,SOXL,1.0,
2018-05-02,2018-05-02,signal_close_after_hours_proxy,RESET_ON_ROTATION,,,5.7741,,SOXL,TQQQ,1.0,
2018-06-25,2018-06-25,signal_close_after_hours_proxy,BUY_EXTRA_1,TQQQ,2.0,6.8127,-9.77,,,,
2018-07-10,2018-07-10,signal_close_after_hours_proxy,SELL_EXTRAS,TQQQ,1.0,7.4978,,,,2.0,extra shares max holding days 10
2018-07-27,2018-07-27,signal_close_after_hours_proxy,BUY_EXTRA_1,TQQQ,2.0,7.499,-8.36,,,,
2018-08-10,2018-08-10,signal_close_after_hours_proxy,SELL_EXTRAS,TQQQ,1.0,7.8314,,,,2.0,extra shares max holding days 10
2018-08-15,2018-08-15,signal_close_after_hours_proxy,BUY_EXTRA_1,TQQQ,2.0,7.6634,-6.35,,,,
2018-08-29,2018-08-29,signal_close_after_hours_proxy,SELL_EXTRAS,TQQQ,1.0,8.638,,,,2.0,extra shares max holding days 10
2018-09-05,2018-09-05,signal_close_after_hours_proxy,BUY_EXTRA_1,TQQQ,2.0,8.1733,-5.38,,,,
2018-09-19,2018-09-19,signal_close_after_hours_proxy,SELL_EXTRAS,TQQQ,1.0,8.0446,,,,2.0,extra shares max holding days 10
2018-09-19,2018-09-19,signal_close_after_hours_proxy,BUY_EXTRA_1,TQQQ,2.0,8.0446,-6.87,,,,
2018-10-03,2018-10-03,signal_close_after_hours_proxy,SELL_EXTRAS,TQQQ,1.0,8.501,,,,2.0,extra shares max holding days 10
2018-10-04,2018-10-04,signal_close_after_hours_proxy,BUY_EXTRA_1,TQQQ,2.0,8.0161,-7.2,,,,
2018-10-10,2018-10-10,signal_close_after_hours_proxy,BUY_EXTRA_2,TQQQ,3.0,6.6447,-23.08,,,,
2018-10-18,2018-10-18,signal_close_after_hours_proxy,SELL_EXTRAS,TQQQ,1.0,6.7472,,,,3.0,extra shares max holding days 10
2018-10-18,2018-10-18,signal_close_after_hours_proxy,BUY_EXTRA_1,TQQQ,2.0,6.7472,-21.89,,,,
2018-10-19,2018-10-19,signal_close_after_hours_proxy,BUY_EXTRA_2,TQQQ,3.0,6.7198,-22.21,,,,
2018-11-01,2018-11-01,signal_close_after_hours_proxy,SELL_EXTRAS,TQQQ,1.0,6.4922,,,,3.0,extra shares max holding days 10
2018-11-01,2018-11-01,signal_close_after_hours_proxy,BUY_EXTRA_1,TQQQ,2.0,6.4922,-24.84,,,,
2018-11-02,2018-11-02,signal_close_after_hours_proxy,BUY_EXTRA_2,TQQQ,3.0,6.2015,-28.21,,,,
2018-11-15,2018-11-15,signal_close_after_hours_proxy,SELL_EXTRAS,TQQQ,1.0,5.9811,,,,3.0,extra shares max holding days 10
2018-11-15,2018-11-15,signal_close_after_hours_proxy,BUY_EXTRA_1,TQQQ,2.0,5.9811,-30.76,,,,
2018-11-16,2018-11-16,signal_close_after_hours_proxy,BUY_EXTRA_2,TQQQ,3.0,5.9155,-31.52,,,,
2018-11-21,2018-11-21,signal_close_after_hours_proxy,RESET_ON_ROTATION,,,5.9184,,TQQQ,SOXL,3.0,
2018-11-23,2018-11-23,signal_close_after_hours_proxy,RESET_ON_ROTATION,,,5.0505,,SOXL,TQQQ,1.0,
2018-12-04,2018-12-04,signal_close_after_hours_proxy,RESET_ON_ROTATION,,,6.3077,,TQQQ,SOXL,1.0,
2018-12-06,2018-12-06,signal_close_after_hours_proxy,RESET_ON_ROTATION,,,5.7332,,SOXL,TQQQ,1.0,
2018-12-07,2018-12-07,signal_close_after_hours_proxy,RESET_ON_ROTATION,,,5.5093,,TQQQ,SOXL,1.0,
2018-12-10,2018-12-10,signal_close_after_hours_proxy,RESET_ON_ROTATION,,,5.3341,,SOXL,TQQQ,1.0,
2018-12-11,2018-12-11,signal_close_after_hours_proxy,RESET_ON_ROTATION,,,5.8443,,TQQQ,SOXL,1.0,
2018-12-14,2018-12-14,signal_close_after_hours_proxy,BUY_EXTRA_1,SOXL,2.0,5.7778,-5.33,,,,
2018-12-19,2018-12-19,signal_close_after_hours_proxy,BUY_EXTRA_2,SOXL,3.0,5.0504,-17.25,,,,
2018-12-20,2018-12-20,signal_close_after_hours_proxy,RESET_ON_ROTATION,,,4.3285,,SOXL,TQQQ,3.0,
2018-12-21,2018-12-21,signal_close_after_hours_proxy,RESET_ON_ROTATION,,,4.6956,,TQQQ,SOXL,1.0,
2018-12-24,2018-12-24,signal_close_after_hours_proxy,BUY_EXTRA_1,SOXL,2.0,4.2878,-8.69,,,,
2018-12-26,2018-12-26,signal_close_after_hours_proxy,RESET_ON_ROTATION,,,4.2783,,SOXL,TQQQ,2.0,
2018-12-27,2018-12-27,signal_close_after_hours_proxy,RESET_ON_ROTATION,,,5.1373,,TQQQ,SOXL,1.0,
2019-01-03,2019-01-03,signal_close_after_hours_proxy,RESET_ON_ROTATION,,,4.048,,SOXL,TQQQ,1.0,
2019-01-22,2019-01-22,signal_close_after_hours_proxy,BUY_EXTRA_1,TQQQ,2.0,5.0621,-5.52,,,,
2019-02-04,2019-02-04,signal_close_after_hours_proxy,SELL_EXTRAS,TQQQ,1.0,5.7398,,,,2.0,extra shares profit >= 12%
2019-03-04,2019-03-04,signal_close_after_hours_proxy,RESET_ON_ROTATION,,,8.3468,,TQQQ,SOXL,1.0,
2019-03-06,2019-03-06,signal_close_after_hours_proxy,BUY_EXTRA_1,SOXL,2.0,7.8252,-6.25,,,,
2019-03-15,2019-03-15,signal_close_after_hours_proxy,SELL_EXTRAS,SOXL,1.0,8.8395,,,,2.0,extra shares profit >= 12%
2019-03-22,2019-03-22,signal_close_after_hours_proxy,BUY_EXTRA_1,SOXL,2.0,8.9638,-8.51,,,,
2019-04-03,2019-04-03,signal_close_after_hours_proxy,SELL_EXTRAS,SOXL,1.0,10.1688,,,,2.0,extra shares profit >= 12%
2019-04-25,2019-04-25,signal_close_after_hours_proxy,BUY_EXTRA_1,SOXL,2.0,12.1906,-5.44,,,,
2019-05-07,2019-05-07,signal_close_after_hours_proxy,BUY_EXTRA_2,SOXL,3.0,10.9528,-15.04,,,,
2019-05-09,2019-05-09,signal_close_after_hours_proxy,SELL_EXTRAS,SOXL,1.0,10.3095,,,,3.0,extra shares max holding days 10
2019-05-09,2019-05-09,signal_close_after_hours_proxy,BUY_EXTRA_1,SOXL,2.0,10.3095,-20.03,,,,
2019-05-10,2019-05-10,signal_close_after_hours_proxy,BUY_EXTRA_2,SOXL,3.0,10.3397,-19.8,,,,
2019-05-23,2019-05-23,signal_close_after_hours_proxy,SELL_EXTRAS,SOXL,1.0,7.2498,,,,3.0,extra shares max holding days 10
2019-05-23,2019-05-23,signal_close_after_hours_proxy,BUY_EXTRA_1,SOXL,2.0,7.2498,-43.77,,,,
2019-05-24,2019-05-24,signal_close_after_hours_proxy,RESET_ON_ROTATION,,,6.452,,SOXL,TQQQ,2.0,
2019-05-28,2019-05-28,signal_close_after_hours_proxy,RESET_ON_ROTATION,,,6.8694,,TQQQ,SOXL,1.0,
2019-06-04,2019-06-04,signal_close_after_hours_proxy,RESET_ON_ROTATION,,,6.0653,,SOXL,TQQQ,1.0,
2019-06-25,2019-06-25,signal_close_after_hours_proxy,BUY_EXTRA_1,TQQQ,2.0,7.1716,-5.58,,,,
2019-07-10,2019-07-10,signal_close_after_hours_proxy,SELL_EXTRAS,TQQQ,1.0,8.0608,,,,2.0,extra shares max holding days 10
2019-07-31,2019-07-31,signal_close_after_hours_proxy,BUY_EXTRA_1,TQQQ,2.0,7.8292,-6.38,,,,
2019-08-05,2019-08-05,signal_close_after_hours_proxy,BUY_EXTRA_2,TQQQ,3.0,6.5928,-21.16,,,,
2019-08-14,2019-08-14,signal_close_after_hours_proxy,SELL_EXTRAS,TQQQ,1.0,6.7563,,,,3.0,extra shares max holding days 10
2019-08-14,2019-08-14,signal_close_after_hours_proxy,BUY_EXTRA_1,TQQQ,2.0,6.7563,-19.21,,,,
2019-08-15,2019-08-15,signal_close_after_hours_proxy,BUY_EXTRA_2,TQQQ,3.0,6.7276,-19.55,,,,
2019-08-28,2019-08-28,signal_close_after_hours_proxy,SELL_EXTRAS,TQQQ,1.0,6.9544,,,,3.0,extra shares max holding days 10
2019-08-28,2019-08-28,signal_close_after_hours_proxy,BUY_EXTRA_1,TQQQ,2.0,6.9544,-16.84,,,,
2019-09-03,2019-09-03,signal_close_after_hours_proxy,BUY_EXTRA_2,TQQQ,3.0,7.0093,-16.18,,,,
2019-09-04,2019-09-04,signal_close_after_hours_proxy,RESET_ON_ROTATION,,,10.2265,,TQQQ,SOXL,3.0,
2019-09-20,2019-09-20,signal_close_after_hours_proxy,BUY_EXTRA_1,SOXL,2.0,11.096,-8.73,,,,
2019-10-02,2019-10-02,signal_close_after_hours_proxy,BUY_EXTRA_2,SOXL,3.0,10.1704,-16.34,,,,
2019-10-04,2019-10-04,signal_close_after_hours_proxy,SELL_EXTRAS,SOXL,1.0,11.2703,,,,3.0,extra shares max holding days 10
2019-10-04,2019-10-04,signal_close_after_hours_proxy,BUY_EXTRA_1,SOXL,2.0,11.2703,-7.3,,,,
2019-10-08,2019-10-08,signal_close_after_hours_proxy,BUY_EXTRA_2,SOXL,3.0,10.0008,-17.74,,,,
2019-10-15,2019-10-15,signal_close_after_hours_proxy,SELL_EXTRAS,SOXL,1.0,12.2909,,,,3.0,extra shares profit >= 12%
2019-10-18,2019-10-18,signal_close_after_hours_proxy,BUY_EXTRA_1,SOXL,2.0,11.4831,-6.57,,,,
2019-10-28,2019-10-28,signal_close_after_hours_proxy,SELL_EXTRAS,SOXL,1.0,13.3766,,,,2.0,extra shares profit >= 12%
2019-11-04,2019-11-04,signal_close_after_hours_proxy,RESET_ON_ROTATION,,,8.6456,,SOXL,TQQQ,1.0,
2019-12-03,2019-12-03,signal_close_after_hours_proxy,RESET_ON_ROTATION,,,13.0246,,TQQQ,SOXL,1.0,
2020-01-03,2020-01-03,signal_close_after_hours_proxy,RESET_ON_ROTATION,,,10.5506,,SOXL,TQQQ,1.0,
2020-01-27,2020-01-27,signal_close_after_hours_proxy,BUY_EXTRA_1,TQQQ,2.0,11.0699,-8.61,,,,
2020-02-04,2020-02-04,signal_close_after_hours_proxy,SELL_EXTRAS,TQQQ,1.0,12.4919,,,,2.0,extra shares profit >= 12%
2020-02-21,2020-02-21,signal_close_after_hours_proxy,BUY_EXTRA_1,TQQQ,2.0,12.911,-8.4,,,,
2020-02-24,2020-02-24,signal_close_after_hours_proxy,BUY_EXTRA_2,TQQQ,3.0,11.4233,-18.96,,,,
2020-02-28,2020-02-28,signal_close_after_hours_proxy,RESET_ON_ROTATION,,,13.2304,,TQQQ,SOXL,3.0,
2020-03-02,2020-03-02,signal_close_after_hours_proxy,RESET_ON_ROTATION,,,10.4479,,SOXL,TQQQ,1.0,
2020-03-03,2020-03-03,signal_close_after_hours_proxy,BUY_EXTRA_1,TQQQ,2.0,9.4641,-9.42,,,,
2020-03-04,2020-03-04,signal_close_after_hours_proxy,SELL_EXTRAS,TQQQ,1.0,10.6127,,,,2.0,extra shares profit >= 12%
2020-03-05,2020-03-05,signal_close_after_hours_proxy,BUY_EXTRA_1,TQQQ,2.0,9.6814,-8.77,,,,
2020-03-09,2020-03-09,signal_close_after_hours_proxy,BUY_EXTRA_2,TQQQ,3.0,7.3103,-31.12,,,,
2020-03-10,2020-03-10,signal_close_after_hours_proxy,RESET_ON_ROTATION,,,11.3975,,TQQQ,SOXL,3.0,
2020-03-11,2020-03-11,signal_close_after_hours_proxy,RESET_ON_ROTATION,,,7.3617,,SOXL,TQQQ,1.0,
2020-03-12,2020-03-12,signal_close_after_hours_proxy,RESET_ON_ROTATION,,,6.5855,,TQQQ,SOXL,1.0,
2020-03-13,2020-03-13,signal_close_after_hours_proxy,RESET_ON_ROTATION,,,6.7862,,SOXL,TQQQ,1.0,
2020-03-16,2020-03-16,signal_close_after_hours_proxy,BUY_EXTRA_1,TQQQ,2.0,4.4473,-34.47,,,,
2020-03-17,2020-03-17,signal_close_after_hours_proxy,RESET_ON_ROTATION,,,5.6607,,TQQQ,SOXL,2.0,
2020-03-18,2020-03-18,signal_close_after_hours_proxy,RESET_ON_ROTATION,,,4.6933,,SOXL,TQQQ,1.0,
2020-03-20,2020-03-20,signal_close_after_hours_proxy,BUY_EXTRA_1,TQQQ,2.0,4.2396,-11.71,,,,
2020-03-23,2020-03-23,signal_close_after_hours_proxy,RESET_ON_ROTATION,,,4.5113,,TQQQ,SOXL,2.0,
2020-03-24,2020-03-24,signal_close_after_hours_proxy,RESET_ON_ROTATION,,,5.2007,,SOXL,TQQQ,1.0,
2020-03-27,2020-03-27,signal_close_after_hours_proxy,BUY_EXTRA_1,TQQQ,2.0,5.2938,-10.39,,,,
2020-04-01,2020-04-01,signal_close_after_hours_proxy,BUY_EXTRA_2,TQQQ,3.0,4.9822,-15.66,,,,
2020-04-06,2020-04-06,signal_close_after_hours_proxy,SELL_EXTRAS,TQQQ,1.0,6.1248,,,,3.0,extra shares profit >= 12%
2020-04-21,2020-04-21,signal_close_after_hours_proxy,BUY_EXTRA_1,TQQQ,2.0,6.8566,-13.94,,,,
2020-04-24,2020-04-24,signal_close_after_hours_proxy,SELL_EXTRAS,TQQQ,1.0,7.7724,,,,2.0,extra shares profit >= 12%
2020-04-28,2020-04-28,signal_close_after_hours_proxy,BUY_EXTRA_1,TQQQ,2.0,7.4954,-5.92,,,,
2020-05-07,2020-05-07,signal_close_after_hours_proxy,SELL_EXTRAS,TQQQ,1.0,8.583,,,,2.0,extra shares profit >= 12%
2020-05-12,2020-05-12,signal_close_after_hours_proxy,BUY_EXTRA_1,TQQQ,2.0,8.6069,-5.95,,,,
2020-05-20,2020-05-20,signal_close_after_hours_proxy,SELL_EXTRAS,TQQQ,1.0,9.6707,,,,2.0,extra shares profit >= 12%
2020-06-11,2020-06-11,signal_close_after_hours_proxy,BUY_EXTRA_1,TQQQ,2.0,9.9095,-14.72,,,,
2020-06-17,2020-06-17,signal_close_after_hours_proxy,SELL_EXTRAS,TQQQ,1.0,11.1428,,,,2.0,extra shares profit >= 12%
2020-06-24,2020-06-24,signal_close_after_hours_proxy,BUY_EXTRA_1,TQQQ,2.0,11.2132,-5.89,,,,
2020-07-02,2020-07-02,signal_close_after_hours_proxy,RESET_ON_ROTATION,,,12.0917,,TQQQ,SOXL,2.0,
2020-07-13,2020-07-13,signal_close_after_hours_proxy,BUY_EXTRA_1,SOXL,2.0,12.8112,-5.94,,,,
2020-07-27,2020-07-27,signal_close_after_hours_proxy,SELL_EXTRAS,SOXL,1.0,14.0453,,,,2.0,extra shares max holding days 10
2020-07-28,2020-07-28,signal_close_after_hours_proxy,BUY_EXTRA_1,SOXL,2.0,13.2146,-7.36,,,,
2020-07-30,2020-07-30,signal_close_after_hours_proxy,SELL_EXTRAS,SOXL,1.0,14.8941,,,,2.0,extra shares profit >= 12%
2020-08-04,2020-08-04,signal_close_after_hours_proxy,RESET_ON_ROTATION,,,14.9764,,SOXL,TQQQ,1.0,
2020-08-11,2020-08-11,signal_close_after_hours_proxy,BUY_EXTRA_1,TQQQ,2.0,14.1084,-9.99,,,,
2020-08-18,2020-08-18,signal_close_after_hours_proxy,SELL_EXTRAS,TQQQ,1.0,16.1906,,,,2.0,extra shares profit >= 12%
2020-09-02,2020-09-02,signal_close_after_hours_proxy,RESET_ON_ROTATION,,,19.8749,,TQQQ,SOXL,1.0,
2020-09-03,2020-09-03,signal_close_after_hours_proxy,BUY_EXTRA_1,SOXL,2.0,16.483,-17.07,,,,
2020-09-04,2020-09-04,signal_close_after_hours_proxy,BUY_EXTRA_2,SOXL,3.0,16.026,-19.37,,,,
2020-09-08,2020-09-08,signal_close_after_hours_proxy,RESET_ON_ROTATION,,,14.5203,,SOXL,TQQQ,3.0,
2020-09-09,2020-09-09,signal_close_after_hours_proxy,RESET_ON_ROTATION,,,14.8805,,TQQQ,SOXL,1.0,
2020-09-18,2020-09-18,signal_close_after_hours_proxy,BUY_EXTRA_1,SOXL,2.0,14.6245,-7.95,,,,
2020-10-01,2020-10-01,signal_close_after_hours_proxy,SELL_EXTRAS,SOXL,1.0,17.3835,,,,2.0,extra shares profit >= 12%
2020-10-02,2020-10-02,signal_close_after_hours_proxy,RESET_ON_ROTATION,,,15.011,,SOXL,TQQQ,1.0,
2020-10-06,2020-10-06,signal_close_after_hours_proxy,BUY_EXTRA_1,TQQQ,2.0,15.1006,-5.37,,,,
2020-10-12,2020-10-12,signal_close_after_hours_proxy,SELL_EXTRAS,TQQQ,1.0,18.4173,,,,2.0,extra shares profit >= 12%
2020-10-16,2020-10-16,signal_close_after_hours_proxy,BUY_EXTRA_1,TQQQ,2.0,17.3237,-5.95,,,,
2020-10-28,2020-10-28,signal_close_after_hours_proxy,BUY_EXTRA_2,TQQQ,3.0,14.3413,-22.14,,,,
2020-10-29,2020-10-29,signal_close_after_hours_proxy,RESET_ON_ROTATION,,,16.9168,,TQQQ,SOXL,3.0,
2020-10-30,2020-10-30,signal_close_after_hours_proxy,RESET_ON_ROTATION,,,14.0225,,SOXL,TQQQ,1.0,
2020-11-03,2020-11-03,signal_close_after_hours_proxy,RESET_ON_ROTATION,,,17.3254,,TQQQ,SOXL,1.0,
2020-11-10,2020-11-10,signal_close_after_hours_proxy,BUY_EXTRA_1,SOXL,2.0,19.9396,-12.47,,,,
2020-11-16,2020-11-16,signal_close_after_hours_proxy,SELL_EXTRAS,SOXL,1.0,23.6709,,,,2.0,extra shares profit >= 12%
2020-12-09,2020-12-09,signal_close_after_hours_proxy,BUY_EXTRA_1,SOXL,2.0,28.3401,-8.55,,,,
2020-12-23,2020-12-23,signal_close_after_hours_proxy,SELL_EXTRAS,SOXL,1.0,27.951,,,,2.0,extra shares max holding days 10
2020-12-23,2020-12-23,signal_close_after_hours_proxy,BUY_EXTRA_1,SOXL,2.0,27.951,-9.81,,,,
2021-01-05,2021-01-05,signal_close_after_hours_proxy,SELL_EXTRAS,SOXL,1.0,31.4654,,,,2.0,extra shares profit >= 12%
2021-01-15,2021-01-15,signal_close_after_hours_proxy,BUY_EXTRA_1,SOXL,2.0,36.6809,-6.35,,,,
2021-01-21,2021-01-21,signal_close_after_hours_proxy,SELL_EXTRAS,SOXL,1.0,41.8543,,,,2.0,extra shares profit >= 12%
2021-01-22,2021-01-22,signal_close_after_hours_proxy,BUY_EXTRA_1,SOXL,2.0,39.5573,-5.49,,,,
2021-01-27,2021-01-27,signal_close_after_hours_proxy,BUY_EXTRA_2,SOXL,3.0,32.1423,-23.2,,,,
2021-02-05,2021-02-05,signal_close_after_hours_proxy,SELL_EXTRAS,SOXL,1.0,35.6128,,,,3.0,extra shares max holding days 10
2021-02-05,2021-02-05,signal_close_after_hours_proxy,BUY_EXTRA_1,SOXL,2.0,35.6128,-14.91,,,,
2021-02-11,2021-02-11,signal_close_after_hours_proxy,SELL_EXTRAS,SOXL,1.0,42.8299,,,,2.0,extra shares profit >= 12%
2021-02-17,2021-02-17,signal_close_after_hours_proxy,BUY_EXTRA_1,SOXL,2.0,42.6806,-5.52,,,,
2021-02-25,2021-02-25,signal_close_after_hours_proxy,BUY_EXTRA_2,SOXL,3.0,35.1241,-22.25,,,,
2021-03-03,2021-03-03,signal_close_after_hours_proxy,SELL_EXTRAS,SOXL,1.0,33.9519,,,,3.0,extra shares max holding days 10
2021-03-03,2021-03-03,signal_close_after_hours_proxy,BUY_EXTRA_1,SOXL,2.0,33.9519,-24.84,,,,
2021-03-04,2021-03-04,signal_close_after_hours_proxy,BUY_EXTRA_2,SOXL,3.0,29.074,-35.64,,,,
2021-03-16,2021-03-16,signal_close_after_hours_proxy,SELL_EXTRAS,SOXL,1.0,35.8624,,,,3.0,extra shares profit >= 12%
2021-03-16,2021-03-16,signal_close_after_hours_proxy,BUY_EXTRA_1,SOXL,2.0,35.8624,-20.61,,,,
2021-03-17,2021-03-17,signal_close_after_hours_proxy,BUY_EXTRA_2,SOXL,3.0,37.2589,-17.52,,,,
2021-03-30,2021-03-30,signal_close_after_hours_proxy,SELL_EXTRAS,SOXL,1.0,34.4614,,,,3.0,extra shares max holding days 10
2021-03-30,2021-03-30,signal_close_after_hours_proxy,BUY_EXTRA_1,SOXL,2.0,34.4614,-23.71,,,,
2021-03-31,2021-03-31,signal_close_after_hours_proxy,BUY_EXTRA_2,SOXL,3.0,37.0713,-17.94,,,,
2021-04-01,2021-04-01,signal_close_after_hours_proxy,SELL_EXTRAS,SOXL,1.0,41.1461,,,,3.0,extra shares profit >= 12%
2021-04-01,2021-04-01,signal_close_after_hours_proxy,BUY_EXTRA_1,SOXL,2.0,41.1461,-8.92,,,,
2021-04-05,2021-04-05,signal_close_after_hours_proxy,RESET_ON_ROTATION,,,24.2746,,SOXL,TQQQ,2.0,
2021-04-22,2021-04-22,signal_close_after_hours_proxy,BUY_EXTRA_1,TQQQ,2.0,25.096,-6.0,,,,
2021-05-06,2021-05-06,signal_close_after_hours_proxy,SELL_EXTRAS,TQQQ,1.0,24.1934,,,,2.0,extra shares max holding days 10
2021-05-06,2021-05-06,signal_close_after_hours_proxy,BUY_EXTRA_1,TQQQ,2.0,24.1934,-9.38,,,,
2021-05-12,2021-05-12,signal_close_after_hours_proxy,BUY_EXTRA_2,TQQQ,3.0,21.0725,-21.07,,,,
2021-05-20,2021-05-20,signal_close_after_hours_proxy,SELL_EXTRAS,TQQQ,1.0,23.4174,,,,3.0,extra shares max holding days 10
2021-05-20,2021-05-20,signal_close_after_hours_proxy,BUY_EXTRA_1,TQQQ,2.0,23.4174,-12.29,,,,
2021-06-04,2021-06-04,signal_close_after_hours_proxy,SELL_EXTRAS,TQQQ,1.0,24.8286,,,,2.0,extra shares max holding days 10
2021-06-04,2021-06-04,signal_close_after_hours_proxy,BUY_EXTRA_1,TQQQ,2.0,24.8286,-7.0,,,,
2021-06-18,2021-06-18,signal_close_after_hours_proxy,SELL_EXTRAS,TQQQ,1.0,26.3592,,,,2.0,extra shares max holding days 10
2021-07-19,2021-07-19,signal_close_after_hours_proxy,BUY_EXTRA_1,TQQQ,2.0,29.2556,-6.77,,,,
2021-08-02,2021-08-02,signal_close_after_hours_proxy,SELL_EXTRAS,TQQQ,1.0,31.6864,,,,2.0,extra shares max holding days 10
2021-08-18,2021-08-18,signal_close_after_hours_proxy,BUY_EXTRA_1,TQQQ,2.0,31.013,-6.04,,,,
2021-08-30,2021-08-30,signal_close_after_hours_proxy,SELL_EXTRAS,TQQQ,1.0,35.7958,,,,2.0,extra shares profit >= 12%
2021-09-14,2021-09-14,signal_close_after_hours_proxy,BUY_EXTRA_1,TQQQ,2.0,34.3775,-5.33,,,,
2021-09-28,2021-09-28,signal_close_after_hours_proxy,SELL_EXTRAS,TQQQ,1.0,30.2848,,,,2.0,extra shares max holding days 10
2021-09-28,2021-09-28,signal_close_after_hours_proxy,BUY_EXTRA_1,TQQQ,2.0,30.2848,-16.6,,,,
2021-09-29,2021-09-29,signal_close_after_hours_proxy,BUY_EXTRA_2,TQQQ,3.0,30.0842,-17.15,,,,
2021-10-12,2021-10-12,signal_close_after_hours_proxy,SELL_EXTRAS,TQQQ,1.0,29.461,,,,3.0,extra shares max holding days 10
2021-10-12,2021-10-12,signal_close_after_hours_proxy,BUY_EXTRA_1,TQQQ,2.0,29.461,-18.87,,,,
2021-10-13,2021-10-13,signal_close_after_hours_proxy,BUY_EXTRA_2,TQQQ,3.0,30.151,-16.97,,,,
2021-10-19,2021-10-19,signal_close_after_hours_proxy,SELL_EXTRAS,TQQQ,1.0,34.11,,,,3.0,extra shares profit >= 12%
2021-10-19,2021-10-19,signal_close_after_hours_proxy,BUY_EXTRA_1,TQQQ,2.0,34.11,-6.06,,,,
2021-11-02,2021-11-02,signal_close_after_hours_proxy,SELL_EXTRAS,TQQQ,1.0,37.9139,,,,2.0,extra shares max holding days 10
2021-11-10,2021-11-10,signal_close_after_hours_proxy,BUY_EXTRA_1,TQQQ,2.0,37.9831,-6.74,,,,
2021-11-24,2021-11-24,signal_close_after_hours_proxy,SELL_EXTRAS,TQQQ,1.0,40.6479,,,,2.0,extra shares max holding days 10
2021-11-26,2021-11-26,signal_close_after_hours_proxy,BUY_EXTRA_1,TQQQ,2.0,38.4057,-9.2,,,,
2021-12-02,2021-12-02,signal_close_after_hours_proxy,RESET_ON_ROTATION,,,61.365,,TQQQ,SOXL,2.0,
2021-12-09,2021-12-09,signal_close_after_hours_proxy,BUY_EXTRA_1,SOXL,2.0,63.936,-8.46,,,,
2021-12-16,2021-12-16,signal_close_after_hours_proxy,BUY_EXTRA_2,SOXL,3.0,57.4648,-17.72,,,,
2021-12-23,2021-12-23,signal_close_after_hours_proxy,SELL_EXTRAS,SOXL,1.0,65.417,,,,3.0,extra shares max holding days 10
2021-12-23,2021-12-23,signal_close_after_hours_proxy,BUY_EXTRA_1,SOXL,2.0,65.417,-6.34,,,,
2022-01-07,2022-01-07,signal_close_after_hours_proxy,SELL_EXTRAS,SOXL,1.0,57.9737,,,,2.0,extra shares max holding days 10
2022-01-07,2022-01-07,signal_close_after_hours_proxy,BUY_EXTRA_1,SOXL,2.0,57.9737,-18.15,,,,
2022-01-10,2022-01-10,signal_close_after_hours_proxy,BUY_EXTRA_2,SOXL,3.0,58.226,-17.8,,,,
2022-01-19,2022-01-19,signal_close_after_hours_proxy,RESET_ON_ROTATION,,,30.7408,,SOXL,TQQQ,3.0,
2022-01-20,2022-01-20,signal_close_after_hours_proxy,RESET_ON_ROTATION,,,44.6303,,TQQQ,SOXL,1.0,
2022-01-24,2022-01-24,signal_close_after_hours_proxy,RESET_ON_ROTATION,,,27.4552,,SOXL,TQQQ,1.0,
2022-01-25,2022-01-25,signal_close_after_hours_proxy,RESET_ON_ROTATION,,,39.0017,,TQQQ,SOXL,1.0,
2022-01-26,2022-01-26,signal_close_after_hours_proxy,RESET_ON_ROTATION,,,25.3826,,SOXL,TQQQ,1.0,
2022-01-27,2022-01-27,signal_close_after_hours_proxy,RESET_ON_ROTATION,,,35.285,,TQQQ,SOXL,1.0,
2022-01-28,2022-01-28,signal_close_after_hours_proxy,RESET_ON_ROTATION,,,26.9203,,SOXL,TQQQ,1.0,
2022-01-31,2022-01-31,signal_close_after_hours_proxy,RESET_ON_ROTATION,,,43.262,,TQQQ,SOXL,1.0,
2022-02-03,2022-02-03,signal_close_after_hours_proxy,BUY_EXTRA_1,SOXL,2.0,41.3696,-13.6,,,,
2022-02-09,2022-02-09,signal_close_after_hours_proxy,SELL_EXTRAS,SOXL,1.0,49.5115,,,,2.0,extra shares profit >= 12%
2022-02-10,2022-02-10,signal_close_after_hours_proxy,BUY_EXTRA_1,SOXL,2.0,45.0476,-9.02,,,,
2022-02-11,2022-02-11,signal_close_after_hours_proxy,BUY_EXTRA_2,SOXL,3.0,38.371,-22.5,,,,
2022-02-25,2022-02-25,signal_close_after_hours_proxy,SELL_EXTRAS,SOXL,1.0,40.5447,,,,3.0,extra shares max holding days 10
2022-02-25,2022-02-25,signal_close_after_hours_proxy,BUY_EXTRA_1,SOXL,2.0,40.5447,-18.11,,,,
2022-02-28,2022-02-28,signal_close_after_hours_proxy,BUY_EXTRA_2,SOXL,3.0,39.7975,-19.62,,,,
2022-03-02,2022-03-02,signal_close_after_hours_proxy,RESET_ON_ROTATION,,,25.0387,,SOXL,TQQQ,3.0,
2022-03-04,2022-03-04,signal_close_after_hours_proxy,BUY_EXTRA_1,TQQQ,2.0,22.9661,-8.28,,,,
2022-03-07,2022-03-07,signal_close_after_hours_proxy,BUY_EXTRA_2,TQQQ,3.0,20.4016,-18.52,,,,
2022-03-08,2022-03-08,signal_close_after_hours_proxy,RESET_ON_ROTATION,,,30.2387,,TQQQ,SOXL,3.0,
2022-03-09,2022-03-09,signal_close_after_hours_proxy,RESET_ON_ROTATION,,,22.2736,,SOXL,TQQQ,1.0,
2022-03-11,2022-03-11,signal_close_after_hours_proxy,BUY_EXTRA_1,TQQQ,2.0,20.2201,-9.22,,,,
2022-03-16,2022-03-16,signal_close_after_hours_proxy,SELL_EXTRAS,TQQQ,1.0,23.1332,,,,2.0,extra shares profit >= 12%
2022-03-31,2022-03-31,signal_close_after_hours_proxy,BUY_EXTRA_1,TQQQ,2.0,27.7847,-7.02,,,,
2022-04-08,2022-04-08,signal_close_after_hours_proxy,BUY_EXTRA_2,TQQQ,3.0,24.7569,-17.15,,,,
2022-04-14,2022-04-14,signal_close_after_hours_proxy,SELL_EXTRAS,TQQQ,1.0,22.4455,,,,3.0,extra shares max holding days 10
2022-04-14,2022-04-14,signal_close_after_hours_proxy,BUY_EXTRA_1,TQQQ,2.0,22.4455,-24.88,,,,
2022-04-18,2022-04-18,signal_close_after_hours_proxy,BUY_EXTRA_2,TQQQ,3.0,22.5076,-24.68,,,,
2022-04-29,2022-04-29,signal_close_after_hours_proxy,SELL_EXTRAS,TQQQ,1.0,17.4454,,,,3.0,extra shares max holding days 10
2022-04-29,2022-04-29,signal_close_after_hours_proxy,BUY_EXTRA_1,TQQQ,2.0,17.4454,-41.62,,,,
2022-05-02,2022-05-02,signal_close_after_hours_proxy,RESET_ON_ROTATION,,,23.7799,,TQQQ,SOXL,2.0,
2022-05-03,2022-05-03,signal_close_after_hours_proxy,RESET_ON_ROTATION,,,18.3098,,SOXL,TQQQ,1.0,
2022-05-05,2022-05-05,signal_close_after_hours_proxy,BUY_EXTRA_1,TQQQ,2.0,17.1255,-14.9,,,,
2022-05-06,2022-05-06,signal_close_after_hours_proxy,BUY_EXTRA_2,TQQQ,3.0,16.5285,-17.87,,,,
2022-05-10,2022-05-10,signal_close_after_hours_proxy,RESET_ON_ROTATION,,,20.4701,,TQQQ,SOXL,3.0,
2022-05-11,2022-05-11,signal_close_after_hours_proxy,RESET_ON_ROTATION,,,13.7348,,SOXL,TQQQ,1.0,
2022-05-18,2022-05-18,signal_close_after_hours_proxy,BUY_EXTRA_1,TQQQ,2.0,13.4434,-14.59,,,,
2022-05-19,2022-05-19,signal_close_after_hours_proxy,RESET_ON_ROTATION,,,19.9072,,TQQQ,SOXL,2.0,
2022-05-20,2022-05-20,signal_close_after_hours_proxy,RESET_ON_ROTATION,,,13.0566,,SOXL,TQQQ,1.0,
2022-05-24,2022-05-24,signal_close_after_hours_proxy,BUY_EXTRA_1,TQQQ,2.0,12.8465,-6.24,,,,
2022-05-26,2022-05-26,signal_close_after_hours_proxy,SELL_EXTRAS,TQQQ,1.0,14.4798,,,,2.0,extra shares profit >= 12%
2022-06-03,2022-06-03,signal_close_after_hours_proxy,BUY_EXTRA_1,TQQQ,2.0,15.3489,-7.91,,,,
2022-06-10,2022-06-10,signal_close_after_hours_proxy,BUY_EXTRA_2,TQQQ,3.0,12.794,-23.24,,,,
2022-06-14,2022-06-14,signal_close_after_hours_proxy,RESET_ON_ROTATION,,,15.2968,,TQQQ,SOXL,3.0,
2022-06-15,2022-06-15,signal_close_after_hours_proxy,RESET_ON_ROTATION,,,11.8914,,SOXL,TQQQ,1.0,
2022-06-16,2022-06-16,signal_close_after_hours_proxy,BUY_EXTRA_1,TQQQ,2.0,10.4396,-12.21,,,,
2022-06-23,2022-06-23,signal_close_after_hours_proxy,SELL_EXTRAS,TQQQ,1.0,12.0967,,,,2.0,extra shares profit >= 12%
2022-06-28,2022-06-28,signal_close_after_hours_proxy,BUY_EXTRA_1,TQQQ,2.0,11.8579,-11.26,,,,
2022-07-08,2022-07-08,signal_close_after_hours_proxy,SELL_EXTRAS,TQQQ,1.0,13.3193,,,,2.0,extra shares profit >= 12%
2022-07-11,2022-07-11,signal_close_after_hours_proxy,BUY_EXTRA_1,TQQQ,2.0,12.4692,-6.68,,,,
2022-07-20,2022-07-20,signal_close_after_hours_proxy,SELL_EXTRAS,TQQQ,1.0,14.2744,,,,2.0,extra shares profit >= 12%
2022-07-22,2022-07-22,signal_close_after_hours_proxy,BUY_EXTRA_1,TQQQ,2.0,14.1025,-5.23,,,,
2022-07-29,2022-07-29,signal_close_after_hours_proxy,SELL_EXTRAS,TQQQ,1.0,15.9315,,,,2.0,extra shares profit >= 12%
2022-08-09,2022-08-09,signal_close_after_hours_proxy,BUY_EXTRA_1,TQQQ,2.0,16.1082,-6.69,,,,
2022-08-12,2022-08-12,signal_close_after_hours_proxy,SELL_EXTRAS,TQQQ,1.0,18.1379,,,,2.0,extra shares profit >= 12%
2022-08-19,2022-08-19,signal_close_after_hours_proxy,BUY_EXTRA_1,TQQQ,2.0,16.8819,-9.1,,,,
2022-08-22,2022-08-22,signal_close_after_hours_proxy,BUY_EXTRA_2,TQQQ,3.0,15.5543,-16.25,,,,
2022-09-02,2022-09-02,signal_close_after_hours_proxy,SELL_EXTRAS,TQQQ,1.0,12.7414,,,,3.0,extra shares max holding days 10
2022-09-02,2022-09-02,signal_close_after_hours_proxy,BUY_EXTRA_1,TQQQ,2.0,12.7414,-31.4,,,,
2022-09-06,2022-09-06,signal_close_after_hours_proxy,BUY_EXTRA_2,TQQQ,3.0,12.4501,-32.96,,,,
2022-09-09,2022-09-09,signal_close_after_hours_proxy,SELL_EXTRAS,TQQQ,1.0,14.2505,,,,3.0,extra shares profit >= 12%
2022-09-09,2022-09-09,signal_close_after_hours_proxy,BUY_EXTRA_1,TQQQ,2.0,14.2505,-23.27,,,,
2022-09-12,2022-09-12,signal_close_after_hours_proxy,BUY_EXTRA_2,TQQQ,3.0,14.7711,-20.47,,,,
2022-09-23,2022-09-23,signal_close_after_hours_proxy,SELL_EXTRAS,TQQQ,1.0,10.1769,,,,3.0,extra shares max holding days 10
2022-09-23,2022-09-23,signal_close_after_hours_proxy,BUY_EXTRA_1,TQQQ,2.0,10.1769,-45.2,,,,
2022-09-26,2022-09-26,signal_close_after_hours_proxy,BUY_EXTRA_2,TQQQ,3.0,10.0384,-45.95,,,,
2022-09-30,2022-09-30,signal_close_after_hours_proxy,RESET_ON_ROTATION,,,8.6388,,TQQQ,SOXL,3.0,
2022-10-03,2022-10-03,signal_close_after_hours_proxy,RESET_ON_ROTATION,,,9.8665,,SOXL,TQQQ,1.0,
2022-10-07,2022-10-07,signal_close_after_hours_proxy,BUY_EXTRA_1,TQQQ,2.0,9.3125,-13.64,,,,
2022-10-10,2022-10-10,signal_close_after_hours_proxy,BUY_EXTRA_2,TQQQ,3.0,9.0212,-16.34,,,,
2022-10-21,2022-10-21,signal_close_after_hours_proxy,SELL_EXTRAS,TQQQ,1.0,9.8235,,,,3.0,extra shares max holding days 10
2022-10-21,2022-10-21,signal_close_after_hours_proxy,BUY_EXTRA_1,TQQQ,2.0,9.8235,-8.9,,,,
2022-11-02,2022-11-02,signal_close_after_hours_proxy,BUY_EXTRA_2,TQQQ,3.0,8.6917,-19.4,,,,
2022-11-04,2022-11-04,signal_close_after_hours_proxy,RESET_ON_ROTATION,,,8.7656,,TQQQ,SOXL,3.0,
2022-11-07,2022-11-07,signal_close_after_hours_proxy,RESET_ON_ROTATION,,,8.8445,,SOXL,TQQQ,1.0,
2022-11-09,2022-11-09,signal_close_after_hours_proxy,BUY_EXTRA_1,TQQQ,2.0,8.4051,-6.98,,,,
2022-11-10,2022-11-10,signal_close_after_hours_proxy,SELL_EXTRAS,TQQQ,1.0,10.2438,,,,2.0,extra shares profit >= 12%
2022-11-21,2022-11-21,signal_close_after_hours_proxy,BUY_EXTRA_1,TQQQ,2.0,10.1148,-7.75,,,,
2022-12-06,2022-12-06,signal_close_after_hours_proxy,SELL_EXTRAS,TQQQ,1.0,9.9429,,,,2.0,extra shares max holding days 10
2022-12-06,2022-12-06,signal_close_after_hours_proxy,BUY_EXTRA_1,TQQQ,2.0,9.9429,-12.11,,,,
2022-12-15,2022-12-15,signal_close_after_hours_proxy,BUY_EXTRA_2,TQQQ,3.0,9.3794,-17.1,,,,
2022-12-20,2022-12-20,signal_close_after_hours_proxy,SELL_EXTRAS,TQQQ,1.0,8.6869,,,,3.0,extra shares max holding days 10
2022-12-20,2022-12-20,signal_close_after_hours_proxy,BUY_EXTRA_1,TQQQ,2.0,8.6869,-23.22,,,,
2022-12-21,2022-12-21,signal_close_after_hours_proxy,BUY_EXTRA_2,TQQQ,3.0,9.0642,-19.88,,,,
2023-01-04,2023-01-04,signal_close_after_hours_proxy,RESET_ON_ROTATION,,,9.8536,,TQQQ,SOXL,3.0,
2023-01-19,2023-01-19,signal_close_after_hours_proxy,BUY_EXTRA_1,SOXL,2.0,11.5171,-9.88,,,,
2023-01-23,2023-01-23,signal_close_after_hours_proxy,SELL_EXTRAS,SOXL,1.0,14.4233,,,,2.0,extra shares profit >= 12%
2023-01-30,2023-01-30,signal_close_after_hours_proxy,BUY_EXTRA_1,SOXL,2.0,13.5035,-9.45,,,,
2023-02-01,2023-02-01,signal_close_after_hours_proxy,SELL_EXTRAS,SOXL,1.0,16.4391,,,,2.0,extra shares profit >= 12%
2023-02-03,2023-02-03,signal_close_after_hours_proxy,BUY_EXTRA_1,SOXL,2.0,16.5663,-5.52,,,,
2023-02-17,2023-02-17,signal_close_after_hours_proxy,SELL_EXTRAS,SOXL,1.0,15.167,,,,2.0,extra shares max holding days 10
2023-02-17,2023-02-17,signal_close_after_hours_proxy,BUY_EXTRA_1,SOXL,2.0,15.167,-13.5,,,,
2023-02-21,2023-02-21,signal_close_after_hours_proxy,BUY_EXTRA_2,SOXL,3.0,13.709,-21.82,,,,
2023-03-06,2023-03-06,signal_close_after_hours_proxy,SELL_EXTRAS,SOXL,1.0,14.8441,,,,3.0,extra shares max holding days 10
2023-03-06,2023-03-06,signal_close_after_hours_proxy,BUY_EXTRA_1,SOXL,2.0,14.8441,-15.35,,,,
2023-03-07,2023-03-07,signal_close_after_hours_proxy,BUY_EXTRA_2,SOXL,3.0,14.3352,-18.25,,,,
2023-03-20,2023-03-20,signal_close_after_hours_proxy,SELL_EXTRAS,SOXL,1.0,16.2531,,,,3.0,extra shares max holding days 10
2023-03-20,2023-03-20,signal_close_after_hours_proxy,BUY_EXTRA_1,SOXL,2.0,16.2531,-7.31,,,,
2023-04-03,2023-04-03,signal_close_after_hours_proxy,SELL_EXTRAS,SOXL,1.0,17.4536,,,,2.0,extra shares max holding days 10
2023-04-04,2023-04-04,signal_close_after_hours_proxy,RESET_ON_ROTATION,,,13.4133,,SOXL,TQQQ,1.0,
2023-04-12,2023-04-12,signal_close_after_hours_proxy,BUY_EXTRA_1,TQQQ,2.0,12.6167,-5.94,,,,
2023-04-26,2023-04-26,signal_close_after_hours_proxy,RESET_ON_ROTATION,,,13.1025,,TQQQ,SOXL,2.0,
2023-04-27,2023-04-27,signal_close_after_hours_proxy,RESET_ON_ROTATION,,,13.3699,,SOXL,TQQQ,1.0,
2023-05-04,2023-05-04,signal_close_after_hours_proxy,BUY_EXTRA_1,TQQQ,2.0,12.8339,-5.91,,,,
2023-05-17,2023-05-17,signal_close_after_hours_proxy,SELL_EXTRAS,TQQQ,1.0,14.6446,,,,2.0,extra shares profit >= 12%
2023-05-24,2023-05-24,signal_close_after_hours_proxy,BUY_EXTRA_1,TQQQ,2.0,14.6446,-5.43,,,,
2023-05-26,2023-05-26,signal_close_after_hours_proxy,SELL_EXTRAS,TQQQ,1.0,16.8898,,,,2.0,extra shares profit >= 12%
2023-06-07,2023-06-07,signal_close_after_hours_proxy,BUY_EXTRA_1,TQQQ,2.0,16.8898,-5.2,,,,
2023-06-13,2023-06-13,signal_close_after_hours_proxy,SELL_EXTRAS,TQQQ,1.0,18.9998,,,,2.0,extra shares profit >= 12%
2023-06-21,2023-06-21,signal_close_after_hours_proxy,BUY_EXTRA_1,TQQQ,2.0,18.8177,-6.32,,,,
2023-07-06,2023-07-06,signal_close_after_hours_proxy,SELL_EXTRAS,TQQQ,1.0,19.5104,,,,2.0,extra shares max holding days 10
2023-07-20,2023-07-20,signal_close_after_hours_proxy,BUY_EXTRA_1,TQQQ,2.0,20.8618,-7.02,,,,
2023-08-03,2023-08-03,signal_close_after_hours_proxy,SELL_EXTRAS,TQQQ,1.0,20.2079,,,,2.0,extra shares max holding days 10
2023-08-03,2023-08-03,signal_close_after_hours_proxy,BUY_EXTRA_1,TQQQ,2.0,20.2079,-9.93,,,,
2023-08-11,2023-08-11,signal_close_after_hours_proxy,BUY_EXTRA_2,TQQQ,3.0,18.934,-15.61,,,,
2023-08-17,2023-08-17,signal_close_after_hours_proxy,SELL_EXTRAS,TQQQ,1.0,17.7134,,,,3.0,extra shares max holding days 10
2023-08-17,2023-08-17,signal_close_after_hours_proxy,BUY_EXTRA_1,TQQQ,2.0,17.7134,-21.05,,,,
2023-08-18,2023-08-18,signal_close_after_hours_proxy,BUY_EXTRA_2,TQQQ,3.0,17.631,-21.42,,,,
2023-08-29,2023-08-29,signal_close_after_hours_proxy,SELL_EXTRAS,TQQQ,1.0,20.0383,,,,3.0,extra shares profit >= 12%
2023-08-29,2023-08-29,signal_close_after_hours_proxy,BUY_EXTRA_1,TQQQ,2.0,20.0383,-10.69,,,,
2023-09-13,2023-09-13,signal_close_after_hours_proxy,SELL_EXTRAS,TQQQ,1.0,19.8301,,,,2.0,extra shares max holding days 10
2023-09-13,2023-09-13,signal_close_after_hours_proxy,BUY_EXTRA_1,TQQQ,2.0,19.8301,-11.61,,,,
2023-09-20,2023-09-20,signal_close_after_hours_proxy,BUY_EXTRA_2,TQQQ,3.0,18.3493,-18.21,,,,
2023-09-27,2023-09-27,signal_close_after_hours_proxy,SELL_EXTRAS,TQQQ,1.0,16.8668,,,,3.0,extra shares max holding days 10
2023-09-27,2023-09-27,signal_close_after_hours_proxy,BUY_EXTRA_1,TQQQ,2.0,16.8668,-24.82,,,,
2023-09-28,2023-09-28,signal_close_after_hours_proxy,BUY_EXTRA_2,TQQQ,3.0,17.2751,-23.0,,,,
2023-10-11,2023-10-11,signal_close_after_hours_proxy,SELL_EXTRAS,TQQQ,1.0,19.1222,,,,3.0,extra shares max holding days 10
2023-10-11,2023-10-11,signal_close_after_hours_proxy,BUY_EXTRA_1,TQQQ,2.0,19.1222,-14.77,,,,
2023-10-12,2023-10-12,signal_close_after_hours_proxy,BUY_EXTRA_2,TQQQ,3.0,18.8986,-15.77,,,,
2023-10-25,2023-10-25,signal_close_after_hours_proxy,SELL_EXTRAS,TQQQ,1.0,15.9287,,,,3.0,extra shares max holding days 10
2023-10-25,2023-10-25,signal_close_after_hours_proxy,BUY_EXTRA_1,TQQQ,2.0,15.9287,-29.0,,,,
2023-10-26,2023-10-26,signal_close_after_hours_proxy,BUY_EXTRA_2,TQQQ,3.0,15.0003,-33.14,,,,
2023-11-02,2023-11-02,signal_close_after_hours_proxy,SELL_EXTRAS,TQQQ,1.0,17.6445,,,,3.0,extra shares profit >= 12%
2023-11-02,2023-11-02,signal_close_after_hours_proxy,BUY_EXTRA_1,TQQQ,2.0,17.6445,-21.36,,,,
2023-11-03,2023-11-03,signal_close_after_hours_proxy,BUY_EXTRA_2,TQQQ,3.0,18.2667,-18.58,,,,
2023-11-14,2023-11-14,signal_close_after_hours_proxy,SELL_EXTRAS,TQQQ,1.0,20.8721,,,,3.0,extra shares profit >= 12%
2023-11-14,2023-11-14,signal_close_after_hours_proxy,BUY_EXTRA_1,TQQQ,2.0,20.8721,-6.97,,,,
2023-11-29,2023-11-29,signal_close_after_hours_proxy,SELL_EXTRAS,TQQQ,1.0,21.504,,,,2.0,extra shares max holding days 10
2023-12-04,2023-12-04,signal_close_after_hours_proxy,BUY_EXTRA_1,TQQQ,2.0,20.8915,-6.88,,,,
2023-12-13,2023-12-13,signal_close_after_hours_proxy,SELL_EXTRAS,TQQQ,1.0,23.6913,,,,2.0,extra shares profit >= 12%
2024-01-02,2024-01-02,signal_close_after_hours_proxy,BUY_EXTRA_1,TQQQ,2.0,23.4975,-6.62,,,,
2024-01-03,2024-01-03,signal_close_after_hours_proxy,RESET_ON_ROTATION,,,25.8652,,TQQQ,SOXL,2.0,
2024-01-26,2024-01-26,signal_close_after_hours_proxy,BUY_EXTRA_1,SOXL,2.0,33.5114,-9.11,,,,
2024-02-09,2024-02-09,signal_close_after_hours_proxy,SELL_EXTRAS,SOXL,1.0,38.7436,,,,2.0,extra shares max holding days 10
2024-02-13,2024-02-13,signal_close_after_hours_proxy,BUY_EXTRA_1,SOXL,2.0,36.2999,-6.31,,,,
2024-02-22,2024-02-22,signal_close_after_hours_proxy,SELL_EXTRAS,SOXL,1.0,40.8128,,,,2.0,extra shares profit >= 12%
2024-03-05,2024-03-05,signal_close_after_hours_proxy,BUY_EXTRA_1,SOXL,2.0,46.1533,-5.89,,,,
2024-03-07,2024-03-07,signal_close_after_hours_proxy,SELL_EXTRAS,SOXL,1.0,54.509,,,,2.0,extra shares profit >= 12%
2024-03-08,2024-03-08,signal_close_after_hours_proxy,BUY_EXTRA_1,SOXL,2.0,48.2324,-11.51,,,,
2024-03-11,2024-03-11,signal_close_after_hours_proxy,BUY_EXTRA_2,SOXL,3.0,46.0844,-15.46,,,,
2024-03-22,2024-03-22,signal_close_after_hours_proxy,SELL_EXTRAS,SOXL,1.0,45.787,,,,3.0,extra shares max holding days 10
2024-03-22,2024-03-22,signal_close_after_hours_proxy,BUY_EXTRA_1,SOXL,2.0,45.787,-16.0,,,,
2024-03-25,2024-03-25,signal_close_after_hours_proxy,BUY_EXTRA_2,SOXL,3.0,45.2545,-16.98,,,,
2024-04-08,2024-04-08,signal_close_after_hours_proxy,SELL_EXTRAS,SOXL,1.0,43.3907,,,,3.0,extra shares max holding days 10
2024-04-08,2024-04-08,signal_close_after_hours_proxy,BUY_EXTRA_1,SOXL,2.0,43.3907,-20.4,,,,
2024-04-09,2024-04-09,signal_close_after_hours_proxy,BUY_EXTRA_2,SOXL,3.0,44.7614,-17.88,,,,
2024-04-22,2024-04-22,signal_close_after_hours_proxy,SELL_EXTRAS,SOXL,1.0,31.6259,,,,3.0,extra shares max holding days 10
2024-04-22,2024-04-22,signal_close_after_hours_proxy,BUY_EXTRA_1,SOXL,2.0,31.6259,-41.98,,,,
2024-04-23,2024-04-23,signal_close_after_hours_proxy,BUY_EXTRA_2,SOXL,3.0,33.6376,-38.29,,,,
2024-04-25,2024-04-25,signal_close_after_hours_proxy,SELL_EXTRAS,SOXL,1.0,36.8919,,,,3.0,extra shares profit >= 12%
2024-04-25,2024-04-25,signal_close_after_hours_proxy,BUY_EXTRA_1,SOXL,2.0,36.8919,-32.32,,,,
2024-04-26,2024-04-26,signal_close_after_hours_proxy,BUY_EXTRA_2,SOXL,3.0,39.2488,-28.0,,,,
2024-05-09,2024-05-09,signal_close_after_hours_proxy,SELL_EXTRAS,SOXL,1.0,39.4066,,,,3.0,extra shares max holding days 10
2024-05-09,2024-05-09,signal_close_after_hours_proxy,BUY_EXTRA_1,SOXL,2.0,39.4066,-27.71,,,,
2024-05-10,2024-05-10,signal_close_after_hours_proxy,BUY_EXTRA_2,SOXL,3.0,40.4618,-25.77,,,,
2024-05-15,2024-05-15,signal_close_after_hours_proxy,SELL_EXTRAS,SOXL,1.0,46.3491,,,,3.0,extra shares profit >= 12%
2024-05-15,2024-05-15,signal_close_after_hours_proxy,BUY_EXTRA_1,SOXL,2.0,46.3491,-14.97,,,,
2024-05-16,2024-05-16,signal_close_after_hours_proxy,BUY_EXTRA_2,SOXL,3.0,45.6194,-16.31,,,,
2024-05-28,2024-05-28,signal_close_after_hours_proxy,SELL_EXTRAS,SOXL,1.0,53.2916,,,,3.0,extra shares profit >= 12%
2024-05-29,2024-05-29,signal_close_after_hours_proxy,BUY_EXTRA_1,SOXL,2.0,50.274,-7.77,,,,
2024-06-04,2024-06-04,signal_close_after_hours_proxy,RESET_ON_ROTATION,,,31.167,,SOXL,TQQQ,2.0,
2024-06-24,2024-06-24,signal_close_after_hours_proxy,BUY_EXTRA_1,TQQQ,2.0,35.2191,-6.53,,,,
2024-07-05,2024-07-05,signal_close_after_hours_proxy,SELL_EXTRAS,TQQQ,1.0,40.1492,,,,2.0,extra shares profit >= 12%
2024-07-11,2024-07-11,signal_close_after_hours_proxy,BUY_EXTRA_1,TQQQ,2.0,39.0278,-6.57,,,,
2024-07-19,2024-07-19,signal_close_after_hours_proxy,BUY_EXTRA_2,TQQQ,3.0,34.9505,-16.33,,,,
2024-07-25,2024-07-25,signal_close_after_hours_proxy,SELL_EXTRAS,TQQQ,1.0,31.119,,,,3.0,extra shares max holding days 10
2024-07-25,2024-07-25,signal_close_after_hours_proxy,BUY_EXTRA_1,TQQQ,2.0,31.119,-25.5,,,,
2024-07-26,2024-07-26,signal_close_after_hours_proxy,BUY_EXTRA_2,TQQQ,3.0,32.0092,-23.37,,,,
2024-08-06,2024-08-06,signal_close_after_hours_proxy,RESET_ON_ROTATION,,,28.2633,,TQQQ,SOXL,3.0,
2024-08-07,2024-08-07,signal_close_after_hours_proxy,RESET_ON_ROTATION,,,26.1612,,SOXL,TQQQ,1.0,
2024-08-28,2024-08-28,signal_close_after_hours_proxy,BUY_EXTRA_1,TQQQ,2.0,32.806,-7.14,,,,
2024-09-06,2024-09-06,signal_close_after_hours_proxy,BUY_EXTRA_2,TQQQ,3.0,28.0302,-20.66,,,,
2024-09-12,2024-09-12,signal_close_after_hours_proxy,SELL_EXTRAS,TQQQ,1.0,32.6978,,,,3.0,extra shares max holding days 10
2024-09-12,2024-09-12,signal_close_after_hours_proxy,BUY_EXTRA_1,TQQQ,2.0,32.6978,-7.45,,,,
2024-09-26,2024-09-26,signal_close_after_hours_proxy,SELL_EXTRAS,TQQQ,1.0,36.114,,,,2.0,extra shares max holding days 10
2024-10-01,2024-10-01,signal_close_after_hours_proxy,BUY_EXTRA_1,TQQQ,2.0,34.2538,-5.15,,,,
2024-10-15,2024-10-15,signal_close_after_hours_proxy,SELL_EXTRAS,TQQQ,1.0,36.0992,,,,2.0,extra shares max holding days 10
2024-10-23,2024-10-23,signal_close_after_hours_proxy,BUY_EXTRA_1,TQQQ,2.0,35.4232,-5.79,,,,
2024-11-06,2024-11-06,signal_close_after_hours_proxy,SELL_EXTRAS,TQQQ,1.0,38.9117,,,,2.0,extra shares max holding days 10
2024-11-15,2024-11-15,signal_close_after_hours_proxy,BUY_EXTRA_1,TQQQ,2.0,36.6469,-10.25,,,,
2024-12-02,2024-12-02,signal_close_after_hours_proxy,SELL_EXTRAS,TQQQ,1.0,40.698,,,,2.0,extra shares max holding days 10
2024-12-18,2024-12-18,signal_close_after_hours_proxy,BUY_EXTRA_1,TQQQ,2.0,40.5055,-12.01,,,,
2025-01-02,2025-01-02,signal_close_after_hours_proxy,BUY_EXTRA_2,TQQQ,3.0,38.9272,-15.43,,,,
2025-01-03,2025-01-03,signal_close_after_hours_proxy,SELL_EXTRAS,TQQQ,1.0,40.7936,,,,3.0,extra shares max holding days 10
2025-01-03,2025-01-03,signal_close_after_hours_proxy,BUY_EXTRA_1,TQQQ,2.0,40.7936,-11.38,,,,
2025-01-10,2025-01-10,signal_close_after_hours_proxy,BUY_EXTRA_2,TQQQ,3.0,38.0361,-17.37,,,,
2025-01-21,2025-01-21,signal_close_after_hours_proxy,SELL_EXTRAS,TQQQ,1.0,41.8431,,,,3.0,extra shares max holding days 10
2025-01-21,2025-01-21,signal_close_after_hours_proxy,BUY_EXTRA_1,TQQQ,2.0,41.8431,-9.1,,,,
2025-02-04,2025-02-04,signal_close_after_hours_proxy,SELL_EXTRAS,TQQQ,1.0,41.4124,,,,2.0,extra shares max holding days 10
2025-02-04,2025-02-04,signal_close_after_hours_proxy,BUY_EXTRA_1,TQQQ,2.0,41.4124,-10.04,,,,
2025-02-19,2025-02-19,signal_close_after_hours_proxy,SELL_EXTRAS,TQQQ,1.0,44.7541,,,,2.0,extra shares max holding days 10
2025-02-21,2025-02-21,signal_close_after_hours_proxy,BUY_EXTRA_1,TQQQ,2.0,41.4421,-9.97,,,,
2025-02-25,2025-02-25,signal_close_after_hours_proxy,BUY_EXTRA_2,TQQQ,3.0,38.4272,-16.52,,,,
2025-03-07,2025-03-07,signal_close_after_hours_proxy,SELL_EXTRAS,TQQQ,1.0,33.3725,,,,3.0,extra shares max holding days 10
2025-03-07,2025-03-07,signal_close_after_hours_proxy,BUY_EXTRA_1,TQQQ,2.0,33.3725,-27.5,,,,
2025-03-10,2025-03-10,signal_close_after_hours_proxy,BUY_EXTRA_2,TQQQ,3.0,29.61,-35.68,,,,
2025-03-21,2025-03-21,signal_close_after_hours_proxy,SELL_EXTRAS,TQQQ,1.0,30.7833,,,,3.0,extra shares max holding days 10
2025-03-21,2025-03-21,signal_close_after_hours_proxy,BUY_EXTRA_1,TQQQ,2.0,30.7833,-33.13,,,,
2025-03-24,2025-03-24,signal_close_after_hours_proxy,BUY_EXTRA_2,TQQQ,3.0,32.7388,-28.88,,,,
2025-04-04,2025-04-04,signal_close_after_hours_proxy,SELL_EXTRAS,TQQQ,1.0,20.4024,,,,3.0,extra shares max holding days 10
2025-04-04,2025-04-04,signal_close_after_hours_proxy,BUY_EXTRA_1,TQQQ,2.0,20.4024,-55.68,,,,
2025-04-07,2025-04-07,signal_close_after_hours_proxy,RESET_ON_ROTATION,,,9.1185,,TQQQ,SOXL,2.0,
2025-04-08,2025-04-08,signal_close_after_hours_proxy,RESET_ON_ROTATION,,,19.315,,SOXL,TQQQ,1.0,
2025-04-10,2025-04-10,signal_close_after_hours_proxy,BUY_EXTRA_1,TQQQ,2.0,22.9098,-12.3,,,,
2025-04-21,2025-04-21,signal_close_after_hours_proxy,BUY_EXTRA_2,TQQQ,3.0,20.7847,-20.43,,,,
2025-04-24,2025-04-24,signal_close_after_hours_proxy,SELL_EXTRAS,TQQQ,1.0,25.889,,,,3.0,extra shares profit >= 12%
2025-05-21,2025-05-21,signal_close_after_hours_proxy,BUY_EXTRA_1,TQQQ,2.0,33.7341,-5.16,,,,
2025-06-05,2025-06-05,signal_close_after_hours_proxy,SELL_EXTRAS,TQQQ,1.0,35.8245,,,,2.0,extra shares max holding days 10
2025-08-01,2025-08-01,signal_close_after_hours_proxy,BUY_EXTRA_1,TQQQ,2.0,41.2874,-7.65,,,,
2025-08-04,2025-08-04,signal_close_after_hours_proxy,RESET_ON_ROTATION,,,24.9927,,TQQQ,SOXL,2.0,
2025-08-15,2025-08-15,signal_close_after_hours_proxy,BUY_EXTRA_1,SOXL,2.0,27.3621,-6.97,,,,
2025-08-29,2025-08-29,signal_close_after_hours_proxy,SELL_EXTRAS,SOXL,1.0,26.0324,,,,2.0,extra shares max holding days 10
2025-08-29,2025-08-29,signal_close_after_hours_proxy,BUY_EXTRA_1,SOXL,2.0,26.0324,-11.49,,,,
2025-09-03,2025-09-03,signal_close_after_hours_proxy,BUY_EXTRA_2,SOXL,3.0,24.9028,-15.33,,,,
2025-09-10,2025-09-10,signal_close_after_hours_proxy,SELL_EXTRAS,SOXL,1.0,28.5917,,,,3.0,extra shares profit >= 12%
2025-10-02,2025-10-02,signal_close_after_hours_proxy,RESET_ON_ROTATION,,,52.8996,,SOXL,TQQQ,1.0,
2025-10-10,2025-10-10,signal_close_after_hours_proxy,BUY_EXTRA_1,TQQQ,2.0,48.3791,-10.85,,,,
2025-10-24,2025-10-24,signal_close_after_hours_proxy,SELL_EXTRAS,TQQQ,1.0,55.1025,,,,2.0,extra shares max holding days 10
2025-11-04,2025-11-04,signal_close_after_hours_proxy,RESET_ON_ROTATION,,,42.8,,TQQQ,SOXL,1.0,
2025-11-05,2025-11-05,signal_close_after_hours_proxy,RESET_ON_ROTATION,,,56.4382,,SOXL,TQQQ,1.0,
2025-11-06,2025-11-06,signal_close_after_hours_proxy,RESET_ON_ROTATION,,,43.01,,TQQQ,SOXL,1.0,
2025-11-10,2025-11-10,signal_close_after_hours_proxy,RESET_ON_ROTATION,,,56.174,,SOXL,TQQQ,1.0,
2025-11-11,2025-11-11,signal_close_after_hours_proxy,RESET_ON_ROTATION,,,41.81,,TQQQ,SOXL,1.0,
2025-11-13,2025-11-13,signal_close_after_hours_proxy,BUY_EXTRA_1,SOXL,2.0,39.22,-10.27,,,,
2025-11-14,2025-11-14,signal_close_after_hours_proxy,RESET_ON_ROTATION,,,52.2018,,SOXL,TQQQ,2.0,
2025-11-17,2025-11-17,signal_close_after_hours_proxy,RESET_ON_ROTATION,,,36.84,,TQQQ,SOXL,1.0,
2025-11-18,2025-11-18,signal_close_after_hours_proxy,BUY_EXTRA_1,SOXL,2.0,34.35,-6.76,,,,
2025-11-19,2025-11-19,signal_close_after_hours_proxy,RESET_ON_ROTATION,,,49.8643,,SOXL,TQQQ,2.0,
2025-11-20,2025-11-20,signal_close_after_hours_proxy,RESET_ON_ROTATION,,,30.81,,TQQQ,SOXL,1.0,
2025-11-21,2025-11-21,signal_close_after_hours_proxy,RESET_ON_ROTATION,,,47.3275,,SOXL,TQQQ,1.0,
2025-11-24,2025-11-24,signal_close_after_hours_proxy,RESET_ON_ROTATION,,,35.86,,TQQQ,SOXL,1.0,
2025-12-12,2025-12-12,signal_close_after_hours_proxy,BUY_EXTRA_1,SOXL,2.0,41.71,-15.99,,,,
2025-12-15,2025-12-15,signal_close_after_hours_proxy,BUY_EXTRA_2,SOXL,3.0,41.18,-17.06,,,,
2025-12-29,2025-12-29,signal_close_after_hours_proxy,SELL_EXTRAS,SOXL,1.0,43.82,,,,3.0,extra shares max holding days 10
2025-12-29,2025-12-29,signal_close_after_hours_proxy,BUY_EXTRA_1,SOXL,2.0,43.82,-11.74,,,,
2025-12-31,2025-12-31,signal_close_after_hours_proxy,BUY_EXTRA_2,SOXL,3.0,42.03,-15.35,,,,
2026-01-05,2026-01-05,signal_close_after_hours_proxy,SELL_EXTRAS,SOXL,1.0,49.22,,,,3.0,extra shares profit >= 12%
2026-01-08,2026-01-08,signal_close_after_hours_proxy,BUY_EXTRA_1,SOXL,2.0,49.65,-8.07,,,,
2026-01-13,2026-01-13,signal_close_after_hours_proxy,SELL_EXTRAS,SOXL,1.0,56.07,,,,2.0,extra shares profit >= 12%
2026-01-30,2026-01-30,signal_close_after_hours_proxy,BUY_EXTRA_1,SOXL,2.0,61.79,-12.32,,,,
2026-02-04,2026-02-04,signal_close_after_hours_proxy,BUY_EXTRA_2,SOXL,3.0,53.19,-24.52,,,,
2026-02-11,2026-02-11,signal_close_after_hours_proxy,SELL_EXTRAS,SOXL,1.0,68.05,,,,3.0,extra shares profit >= 12%
2026-02-12,2026-02-12,signal_close_after_hours_proxy,BUY_EXTRA_1,SOXL,2.0,63.1,-10.46,,,,
2026-02-25,2026-02-25,signal_close_after_hours_proxy,SELL_EXTRAS,SOXL,1.0,71.86,,,,2.0,extra shares profit >= 12%
2026-02-26,2026-02-26,signal_close_after_hours_proxy,BUY_EXTRA_1,SOXL,2.0,65.34,-9.07,,,,
2026-03-03,2026-03-03,signal_close_after_hours_proxy,BUY_EXTRA_2,SOXL,3.0,53.42,-25.66,,,,
2026-03-12,2026-03-12,signal_close_after_hours_proxy,SELL_EXTRAS,SOXL,1.0,50.28,,,,3.0,extra shares max holding days 10
2026-03-12,2026-03-12,signal_close_after_hours_proxy,BUY_EXTRA_1,SOXL,2.0,50.28,-30.03,,,,
2026-03-13,2026-03-13,signal_close_after_hours_proxy,BUY_EXTRA_2,SOXL,3.0,50.72,-29.42,,,,
2026-03-25,2026-03-25,signal_close_after_hours_proxy,SELL_EXTRAS,SOXL,1.0,57.04,,,,3.0,extra shares profit >= 12%
2026-03-25,2026-03-25,signal_close_after_hours_proxy,BUY_EXTRA_1,SOXL,2.0,57.04,-20.62,,,,
2026-03-26,2026-03-26,signal_close_after_hours_proxy,BUY_EXTRA_2,SOXL,3.0,48.97,-31.85,,,,
2026-04-08,2026-04-08,signal_close_after_hours_proxy,SELL_EXTRAS,SOXL,1.0,67.5,,,,3.0,extra shares profit >= 12%
2026-04-08,2026-04-08,signal_close_after_hours_proxy,BUY_EXTRA_1,SOXL,2.0,67.5,-6.07,,,,
2026-04-10,2026-04-10,signal_close_after_hours_proxy,SELL_EXTRAS,SOXL,1.0,76.39,,,,2.0,extra shares profit >= 12%
2026-04-28,2026-04-28,signal_close_after_hours_proxy,BUY_EXTRA_1,SOXL,2.0,109.56,-14.62,,,,
2026-04-30,2026-04-30,signal_close_after_hours_proxy,SELL_EXTRAS,SOXL,1.0,126.98,,,,2.0,extra shares profit >= 12%
2026-05-07,2026-05-07,signal_close_after_hours_proxy,BUY_EXTRA_1,SOXL,2.0,152.1,-8.29,,,,
2026-05-08,2026-05-08,signal_close_after_hours_proxy,SELL_EXTRAS,SOXL,1.0,176.94,,,,2.0,extra shares profit >= 12%
2026-05-12,2026-05-12,signal_close_after_hours_proxy,BUY_EXTRA_1,SOXL,2.0,172.52,-9.4,,,,
2026-05-18,2026-05-18,signal_close_after_hours_proxy,BUY_EXTRA_2,SOXL,3.0,151.75,-20.31,,,,
