date,action,symbol,units_after,price,drop_from_anchor_pct,from_symbol,to_symbol,units_before,reason
2010-06-29,BUY_EXTRA_1,TQQQ,2.0,0.1928,-11.95,,,,
2010-06-30,RESET_ON_ROTATION,,,0.4291,,TQQQ,SOXL,2.0,
2010-07-01,RESET_ON_ROTATION,,,0.1815,,SOXL,TQQQ,1.0,
2011-01-04,RESET_ON_ROTATION,,,0.7777,,TQQQ,SOXL,1.0,
2011-04-04,RESET_ON_ROTATION,,,0.4192,,SOXL,TQQQ,1.0,
2011-06-08,BUY_EXTRA_1,TQQQ,2.0,0.3744,-10.68,,,,
2011-06-09,RESET_ON_ROTATION,,,0.6983,,TQQQ,SOXL,2.0,
2011-06-10,RESET_ON_ROTATION,,,0.3588,,SOXL,TQQQ,1.0,
2011-08-08,RESET_ON_ROTATION,,,0.3519,,TQQQ,SOXL,1.0,
2011-08-09,RESET_ON_ROTATION,,,0.3155,,SOXL,TQQQ,1.0,
2011-08-10,BUY_EXTRA_1,TQQQ,2.0,0.2783,-11.79,,,,
2011-08-15,SELL_EXTRAS,TQQQ,1.0,0.3359,,,,2.0,extra shares profit >= 20%
2011-08-18,BUY_EXTRA_1,TQQQ,2.0,0.2753,-12.75,,,,
2011-08-29,SELL_EXTRAS,TQQQ,1.0,0.3341,,,,2.0,extra shares profit >= 20%
2011-10-03,BUY_EXTRA_1,TQQQ,2.0,0.2707,-14.2,,,,
2011-10-06,SELL_EXTRAS,TQQQ,1.0,0.3249,,,,2.0,extra shares profit >= 20%
2013-02-04,RESET_ON_ROTATION,,,0.5076,,TQQQ,SOXL,1.0,
2013-05-02,RESET_ON_ROTATION,,,0.6619,,SOXL,TQQQ,1.0,
2013-07-02,RESET_ON_ROTATION,,,0.7081,,TQQQ,SOXL,1.0,
2013-08-27,BUY_EXTRA_1,SOXL,2.0,0.6343,-10.43,,,,
2013-08-28,RESET_ON_ROTATION,,,0.7768,,SOXL,TQQQ,2.0,
2013-08-29,RESET_ON_ROTATION,,,0.6802,,TQQQ,SOXL,1.0,
2013-09-04,RESET_ON_ROTATION,,,0.8167,,SOXL,TQQQ,1.0,
2014-03-04,RESET_ON_ROTATION,,,1.2553,,TQQQ,SOXL,1.0,
2014-08-04,RESET_ON_ROTATION,,,1.5431,,SOXL,TQQQ,1.0,
2014-10-16,BUY_EXTRA_1,TQQQ,2.0,1.37,-11.22,,,,
2014-10-23,SELL_EXTRAS,TQQQ,1.0,1.6483,,,,2.0,extra shares profit >= 20%
2015-02-03,RESET_ON_ROTATION,,,1.8516,,TQQQ,SOXL,1.0,
2015-04-02,RESET_ON_ROTATION,,,2.0139,,SOXL,TQQQ,1.0,
2015-08-24,BUY_EXTRA_1,TQQQ,2.0,1.609,-20.1,,,,
2015-08-25,RESET_ON_ROTATION,,,1.038,,TQQQ,SOXL,2.0,
2015-08-26,RESET_ON_ROTATION,,,1.817,,SOXL,TQQQ,1.0,
2015-09-29,BUY_EXTRA_1,TQQQ,2.0,1.6239,-10.62,,,,
2015-10-08,SELL_EXTRAS,TQQQ,1.0,1.9575,,,,2.0,extra shares profit >= 20%
2016-01-20,BUY_EXTRA_1,TQQQ,2.0,1.6303,-10.27,,,,
2016-02-03,SELL_EXTRAS,TQQQ,1.0,1.6611,,,,2.0,extra shares max holding days 10
2016-02-05,BUY_EXTRA_1,TQQQ,2.0,1.4875,-18.13,,,,
2016-02-08,BUY_EXTRA_2,TQQQ,3.0,1.4196,-21.87,,,,
2016-02-09,RESET_ON_ROTATION,,,0.9786,,TQQQ,SOXL,3.0,
2016-02-10,RESET_ON_ROTATION,,,1.4198,,SOXL,TQQQ,1.0,
2016-03-02,RESET_ON_ROTATION,,,1.4141,,TQQQ,SOXL,1.0,
2017-04-04,RESET_ON_ROTATION,,,3.5116,,SOXL,TQQQ,1.0,
2017-08-02,RESET_ON_ROTATION,,,5.8929,,TQQQ,SOXL,1.0,
2017-09-05,RESET_ON_ROTATION,,,4.46,,SOXL,TQQQ,1.0,
2017-11-02,RESET_ON_ROTATION,,,9.4403,,TQQQ,SOXL,1.0,
2017-12-04,BUY_EXTRA_1,SOXL,2.0,8.2949,-12.13,,,,
2017-12-05,RESET_ON_ROTATION,,,5.1943,,SOXL,TQQQ,2.0,
2017-12-06,RESET_ON_ROTATION,,,8.3897,,TQQQ,SOXL,1.0,
2018-01-03,RESET_ON_ROTATION,,,5.9616,,SOXL,TQQQ,1.0,
2018-02-08,BUY_EXTRA_1,TQQQ,2.0,5.1633,-13.39,,,,
2018-02-09,RESET_ON_ROTATION,,,8.4888,,TQQQ,SOXL,2.0,
2018-02-12,RESET_ON_ROTATION,,,5.709,,SOXL,TQQQ,1.0,
2018-04-03,RESET_ON_ROTATION,,,9.0881,,TQQQ,SOXL,1.0,
2018-04-23,BUY_EXTRA_1,SOXL,2.0,7.9513,-12.51,,,,
2018-04-26,RESET_ON_ROTATION,,,5.8019,,SOXL,TQQQ,2.0,
2018-04-27,RESET_ON_ROTATION,,,8.0212,,TQQQ,SOXL,1.0,
2018-05-02,RESET_ON_ROTATION,,,5.7741,,SOXL,TQQQ,1.0,
2018-11-20,BUY_EXTRA_1,TQQQ,2.0,5.0517,-12.51,,,,
2018-11-21,RESET_ON_ROTATION,,,5.9184,,TQQQ,SOXL,2.0,
2018-11-23,RESET_ON_ROTATION,,,5.0505,,SOXL,TQQQ,1.0,
2018-12-04,RESET_ON_ROTATION,,,6.3077,,TQQQ,SOXL,1.0,
2018-12-06,RESET_ON_ROTATION,,,5.7332,,SOXL,TQQQ,1.0,
2018-12-07,RESET_ON_ROTATION,,,5.5093,,TQQQ,SOXL,1.0,
2018-12-10,RESET_ON_ROTATION,,,5.3341,,SOXL,TQQQ,1.0,
2018-12-11,RESET_ON_ROTATION,,,5.8443,,TQQQ,SOXL,1.0,
2018-12-19,BUY_EXTRA_1,SOXL,2.0,5.0504,-13.58,,,,
2018-12-20,RESET_ON_ROTATION,,,4.3285,,SOXL,TQQQ,2.0,
2018-12-21,RESET_ON_ROTATION,,,4.6956,,TQQQ,SOXL,1.0,
2018-12-26,RESET_ON_ROTATION,,,4.2783,,SOXL,TQQQ,1.0,
2018-12-27,RESET_ON_ROTATION,,,5.1373,,TQQQ,SOXL,1.0,
2019-01-03,RESET_ON_ROTATION,,,4.048,,SOXL,TQQQ,1.0,
2019-03-04,RESET_ON_ROTATION,,,8.3468,,TQQQ,SOXL,1.0,
2019-05-23,BUY_EXTRA_1,SOXL,2.0,7.2498,-13.14,,,,
2019-05-24,RESET_ON_ROTATION,,,6.452,,SOXL,TQQQ,2.0,
2019-05-28,RESET_ON_ROTATION,,,6.8694,,TQQQ,SOXL,1.0,
2019-06-04,RESET_ON_ROTATION,,,6.0653,,SOXL,TQQQ,1.0,
2019-09-04,RESET_ON_ROTATION,,,10.2265,,TQQQ,SOXL,1.0,
2019-11-04,RESET_ON_ROTATION,,,8.6456,,SOXL,TQQQ,1.0,
2019-12-03,RESET_ON_ROTATION,,,13.0246,,TQQQ,SOXL,1.0,
2020-01-03,RESET_ON_ROTATION,,,10.5506,,SOXL,TQQQ,1.0,
2020-02-27,BUY_EXTRA_1,TQQQ,2.0,9.0522,-14.2,,,,
2020-02-28,RESET_ON_ROTATION,,,13.2304,,TQQQ,SOXL,2.0,
2020-03-02,RESET_ON_ROTATION,,,10.4479,,SOXL,TQQQ,1.0,
2020-03-06,BUY_EXTRA_1,TQQQ,2.0,9.174,-12.19,,,,
2020-03-09,BUY_EXTRA_2,TQQQ,3.0,7.3103,-30.03,,,,
2020-03-10,RESET_ON_ROTATION,,,11.3975,,TQQQ,SOXL,3.0,
2020-03-11,RESET_ON_ROTATION,,,7.3617,,SOXL,TQQQ,1.0,
2020-03-12,RESET_ON_ROTATION,,,6.5855,,TQQQ,SOXL,1.0,
2020-03-13,RESET_ON_ROTATION,,,6.7862,,SOXL,TQQQ,1.0,
2020-03-16,BUY_EXTRA_1,TQQQ,2.0,4.4473,-34.47,,,,
2020-03-17,RESET_ON_ROTATION,,,5.6607,,TQQQ,SOXL,2.0,
2020-03-18,RESET_ON_ROTATION,,,4.6933,,SOXL,TQQQ,1.0,
2020-03-23,RESET_ON_ROTATION,,,4.5113,,TQQQ,SOXL,1.0,
2020-03-24,RESET_ON_ROTATION,,,5.2007,,SOXL,TQQQ,1.0,
2020-07-02,RESET_ON_ROTATION,,,12.0917,,TQQQ,SOXL,1.0,
2020-08-04,RESET_ON_ROTATION,,,14.9764,,SOXL,TQQQ,1.0,
2020-09-02,RESET_ON_ROTATION,,,19.8749,,TQQQ,SOXL,1.0,
2020-09-03,BUY_EXTRA_1,SOXL,2.0,16.483,-17.07,,,,
2020-09-08,RESET_ON_ROTATION,,,14.5204,,SOXL,TQQQ,2.0,
2020-09-09,RESET_ON_ROTATION,,,14.8805,,TQQQ,SOXL,1.0,
2020-10-02,RESET_ON_ROTATION,,,15.011,,SOXL,TQQQ,1.0,
2020-10-29,RESET_ON_ROTATION,,,16.9168,,TQQQ,SOXL,1.0,
2020-10-30,RESET_ON_ROTATION,,,14.0225,,SOXL,TQQQ,1.0,
2020-11-03,RESET_ON_ROTATION,,,17.3254,,TQQQ,SOXL,1.0,
2021-04-05,RESET_ON_ROTATION,,,24.2746,,SOXL,TQQQ,1.0,
2021-05-12,BUY_EXTRA_1,TQQQ,2.0,21.0725,-13.19,,,,
2021-05-26,SELL_EXTRAS,TQQQ,1.0,24.5468,,,,2.0,extra shares max holding days 10
2021-12-02,RESET_ON_ROTATION,,,61.365,,TQQQ,SOXL,1.0,
2022-01-18,BUY_EXTRA_1,SOXL,2.0,54.3249,-11.47,,,,
2022-01-19,RESET_ON_ROTATION,,,30.7408,,SOXL,TQQQ,2.0,
2022-01-20,RESET_ON_ROTATION,,,44.6303,,TQQQ,SOXL,1.0,
2022-01-24,RESET_ON_ROTATION,,,27.4552,,SOXL,TQQQ,1.0,
2022-01-25,RESET_ON_ROTATION,,,39.0017,,TQQQ,SOXL,1.0,
2022-01-26,RESET_ON_ROTATION,,,25.3826,,SOXL,TQQQ,1.0,
2022-01-27,RESET_ON_ROTATION,,,35.285,,TQQQ,SOXL,1.0,
2022-01-28,RESET_ON_ROTATION,,,26.9203,,SOXL,TQQQ,1.0,
2022-01-31,RESET_ON_ROTATION,,,43.2619,,TQQQ,SOXL,1.0,
2022-02-11,BUY_EXTRA_1,SOXL,2.0,38.371,-11.31,,,,
2022-02-28,SELL_EXTRAS,SOXL,1.0,39.7975,,,,2.0,extra shares max holding days 10
2022-03-01,BUY_EXTRA_1,SOXL,2.0,35.4985,-17.95,,,,
2022-03-02,RESET_ON_ROTATION,,,25.0387,,SOXL,TQQQ,2.0,
2022-03-07,BUY_EXTRA_1,TQQQ,2.0,20.4016,-18.52,,,,
2022-03-08,RESET_ON_ROTATION,,,30.2387,,TQQQ,SOXL,2.0,
2022-03-09,RESET_ON_ROTATION,,,22.2736,,SOXL,TQQQ,1.0,
2022-03-14,BUY_EXTRA_1,TQQQ,2.0,19.0357,-14.54,,,,
2022-03-16,SELL_EXTRAS,TQQQ,1.0,23.1332,,,,2.0,extra shares profit >= 20%
2022-04-22,BUY_EXTRA_1,TQQQ,2.0,19.8237,-11.0,,,,
2022-04-29,BUY_EXTRA_2,TQQQ,3.0,17.4454,-21.68,,,,
2022-05-02,RESET_ON_ROTATION,,,23.7799,,TQQQ,SOXL,3.0,
2022-05-03,RESET_ON_ROTATION,,,18.3098,,SOXL,TQQQ,1.0,
2022-05-09,BUY_EXTRA_1,TQQQ,2.0,14.5753,-20.4,,,,
2022-05-10,RESET_ON_ROTATION,,,20.4701,,TQQQ,SOXL,2.0,
2022-05-11,RESET_ON_ROTATION,,,13.7348,,SOXL,TQQQ,1.0,
2022-05-19,RESET_ON_ROTATION,,,19.9072,,TQQQ,SOXL,1.0,
2022-05-20,RESET_ON_ROTATION,,,13.0566,,SOXL,TQQQ,1.0,
2022-06-13,BUY_EXTRA_1,TQQQ,2.0,11.0222,-15.58,,,,
2022-06-14,RESET_ON_ROTATION,,,15.2968,,TQQQ,SOXL,2.0,
2022-06-15,RESET_ON_ROTATION,,,11.8914,,SOXL,TQQQ,1.0,
2022-06-16,BUY_EXTRA_1,TQQQ,2.0,10.4396,-12.21,,,,
2022-06-24,SELL_EXTRAS,TQQQ,1.0,13.3623,,,,2.0,extra shares profit >= 20%
2022-09-22,BUY_EXTRA_1,TQQQ,2.0,10.6879,-10.12,,,,
2022-09-30,RESET_ON_ROTATION,,,8.6388,,TQQQ,SOXL,2.0,
2022-10-03,RESET_ON_ROTATION,,,9.8665,,SOXL,TQQQ,1.0,
2022-10-11,BUY_EXTRA_1,TQQQ,2.0,8.663,-12.2,,,,
2022-10-25,SELL_EXTRAS,TQQQ,1.0,10.7691,,,,2.0,extra shares max holding days 10
2022-11-02,BUY_EXTRA_1,TQQQ,2.0,8.6917,-11.91,,,,
2022-11-04,RESET_ON_ROTATION,,,8.7656,,TQQQ,SOXL,2.0,
2022-11-07,RESET_ON_ROTATION,,,8.8445,,SOXL,TQQQ,1.0,
2022-12-28,BUY_EXTRA_1,TQQQ,2.0,7.7575,-12.29,,,,
2023-01-04,RESET_ON_ROTATION,,,9.8536,,TQQQ,SOXL,2.0,
2023-04-04,RESET_ON_ROTATION,,,13.4133,,SOXL,TQQQ,1.0,
2023-04-26,RESET_ON_ROTATION,,,13.1025,,TQQQ,SOXL,1.0,
2023-04-27,RESET_ON_ROTATION,,,13.3699,,SOXL,TQQQ,1.0,
2024-01-03,RESET_ON_ROTATION,,,25.8652,,TQQQ,SOXL,1.0,
2024-06-04,RESET_ON_ROTATION,,,31.167,,SOXL,TQQQ,1.0,
2024-08-05,BUY_EXTRA_1,TQQQ,2.0,26.3727,-15.38,,,,
2024-08-06,RESET_ON_ROTATION,,,28.2633,,TQQQ,SOXL,2.0,
2024-08-07,RESET_ON_ROTATION,,,26.1612,,SOXL,TQQQ,1.0,
2025-04-04,BUY_EXTRA_1,TQQQ,2.0,20.4024,-22.01,,,,
2025-04-07,RESET_ON_ROTATION,,,9.1185,,TQQQ,SOXL,2.0,
2025-04-08,RESET_ON_ROTATION,,,19.315,,SOXL,TQQQ,1.0,
2025-08-04,RESET_ON_ROTATION,,,24.9927,,TQQQ,SOXL,1.0,
2025-10-02,RESET_ON_ROTATION,,,52.8996,,SOXL,TQQQ,1.0,
2025-11-04,RESET_ON_ROTATION,,,42.8,,TQQQ,SOXL,1.0,
2025-11-05,RESET_ON_ROTATION,,,56.4382,,SOXL,TQQQ,1.0,
2025-11-06,RESET_ON_ROTATION,,,43.01,,TQQQ,SOXL,1.0,
2025-11-10,RESET_ON_ROTATION,,,56.174,,SOXL,TQQQ,1.0,
2025-11-11,RESET_ON_ROTATION,,,41.81,,TQQQ,SOXL,1.0,
2025-11-14,RESET_ON_ROTATION,,,52.2018,,SOXL,TQQQ,1.0,
2025-11-17,RESET_ON_ROTATION,,,36.84,,TQQQ,SOXL,1.0,
2025-11-19,RESET_ON_ROTATION,,,49.8643,,SOXL,TQQQ,1.0,
2025-11-20,RESET_ON_ROTATION,,,30.81,,TQQQ,SOXL,1.0,
2025-11-21,RESET_ON_ROTATION,,,47.3275,,SOXL,TQQQ,1.0,
2025-11-24,RESET_ON_ROTATION,,,35.86,,TQQQ,SOXL,1.0,
